=== R1B START Fri Oct  9 12:58:43 UTC 2026 ===
>>> r1b dh=64 dp=200 seed=0 12:58:43
/home/somnium-ignition/venvs/torch/lib/python3.10/site-packages/torch/_subclasses/functional_tensor.py:368: UserWarning: Failed to initialize NumPy: No module named 'numpy' (Triggered internally at /__w/pytorch/pytorch/torch/csrc/utils/tensor_numpy.cpp:84.)
  cpu = _conversion_method_template(device=torch.device("cpu"))
[dream_first] cycle 1/20 steps=195 pred_mse=1.1478 mpc=-0.500
[dream_first] cycle 2/20 steps=386 pred_mse=1.0774 mpc=-0.202
[dream_first] cycle 3/20 steps=697 pred_mse=1.0445 mpc=-0.202
[dream_first] cycle 4/20 steps=1076 pred_mse=1.0348 mpc=-0.202
[dream_first] cycle 5/20 steps=1341 pred_mse=1.0055 mpc=-0.202
[dream_first] cycle 6/20 steps=1633 pred_mse=0.9860 mpc=-0.202
[dream_first] cycle 7/20 steps=1863 pred_mse=0.9509 mpc=-0.202
[dream_first] cycle 8/20 steps=2118 pred_mse=0.9182 mpc=-0.202
[dream_first] cycle 9/20 steps=2387 pred_mse=0.8955 mpc=-0.202
[dream_first] cycle 10/20 steps=2700 pred_mse=0.8681 mpc=-0.202
[dream_first] cycle 11/20 steps=2979 pred_mse=0.8215 mpc=-0.202
[dream_first] cycle 12/20 steps=3250 pred_mse=0.7618 mpc=-0.060
[dream_first] cycle 13/20 steps=3524 pred_mse=0.7102 mpc=0.326
[dream_first] cycle 14/20 steps=3833 pred_mse=0.5875 mpc=0.156
[dream_first] cycle 15/20 steps=4138 pred_mse=0.5427 mpc=-0.458
[dream_first] cycle 16/20 steps=4394 pred_mse=0.4550 mpc=-0.458
[dream_first] cycle 17/20 steps=4607 pred_mse=0.3527 mpc=-0.206
[dream_first] cycle 18/20 steps=4743 pred_mse=0.3354 mpc=-0.604
[dream_first] cycle 19/20 steps=4998 pred_mse=0.3096 mpc=-0.500
[dream_first] cycle 20/20 steps=5225 pred_mse=0.2905 mpc=-0.500
完成：48.7s，已登记 results/registry.md
>>> r1b dh=64 dp=200 seed=1 12:59:36
/home/somnium-ignition/venvs/torch/lib/python3.10/site-packages/torch/_subclasses/functional_tensor.py:368: UserWarning: Failed to initialize NumPy: No module named 'numpy' (Triggered internally at /__w/pytorch/pytorch/torch/csrc/utils/tensor_numpy.cpp:84.)
  cpu = _conversion_method_template(device=torch.device("cpu"))
[dream_first] cycle 1/20 steps=231 pred_mse=1.1935 mpc=-0.358
[dream_first] cycle 2/20 steps=528 pred_mse=1.0951 mpc=-0.386
[dream_first] cycle 3/20 steps=825 pred_mse=1.0457 mpc=-0.706
[dream_first] cycle 4/20 steps=1117 pred_mse=1.0397 mpc=-0.308
[dream_first] cycle 5/20 steps=1466 pred_mse=1.0004 mpc=0.076
[dream_first] cycle 6/20 steps=1683 pred_mse=0.9492 mpc=0.014
[dream_first] cycle 7/20 steps=1941 pred_mse=0.9167 mpc=0.076
[dream_first] cycle 8/20 steps=2089 pred_mse=0.8719 mpc=0.076
[dream_first] cycle 9/20 steps=2368 pred_mse=0.8239 mpc=0.076
[dream_first] cycle 10/20 steps=2602 pred_mse=0.7705 mpc=-0.306
[dream_first] cycle 11/20 steps=2863 pred_mse=0.7061 mpc=-0.200
[dream_first] cycle 12/20 steps=3066 pred_mse=0.6038 mpc=-0.306
[dream_first] cycle 13/20 steps=3395 pred_mse=0.5573 mpc=-0.306
[dream_first] cycle 14/20 steps=3657 pred_mse=0.4637 mpc=-0.308
[dream_first] cycle 15/20 steps=3983 pred_mse=0.4627 mpc=-0.308
[dream_first] cycle 16/20 steps=4252 pred_mse=0.3945 mpc=-0.516
[dream_first] cycle 17/20 steps=4571 pred_mse=0.4016 mpc=-0.270
[dream_first] cycle 18/20 steps=4878 pred_mse=0.3703 mpc=-0.270
[dream_first] cycle 19/20 steps=5119 pred_mse=0.3635 mpc=-0.500
[dream_first] cycle 20/20 steps=5381 pred_mse=0.3117 mpc=-0.270
完成：46.0s，已登记 results/registry.md
>>> r1b dh=256 dp=800 seed=0 13:00:26
/home/somnium-ignition/venvs/torch/lib/python3.10/site-packages/torch/_subclasses/functional_tensor.py:368: UserWarning: Failed to initialize NumPy: No module named 'numpy' (Triggered internally at /__w/pytorch/pytorch/torch/csrc/utils/tensor_numpy.cpp:84.)
  cpu = _conversion_method_template(device=torch.device("cpu"))
[dream_first] cycle 1/20 steps=195 pred_mse=1.6799 mpc=-0.472
[dream_first] cycle 2/20 steps=386 pred_mse=1.1398 mpc=-0.386
[dream_first] cycle 3/20 steps=697 pred_mse=1.0639 mpc=-0.266
[dream_first] cycle 4/20 steps=1076 pred_mse=1.0368 mpc=-0.500
[dream_first] cycle 5/20 steps=1341 pred_mse=1.0214 mpc=-0.500
[dream_first] cycle 6/20 steps=1633 pred_mse=1.0137 mpc=-0.500
[dream_first] cycle 7/20 steps=1863 pred_mse=1.0110 mpc=-0.500
[dream_first] cycle 8/20 steps=2118 pred_mse=1.0077 mpc=-0.500
[dream_first] cycle 9/20 steps=2387 pred_mse=1.0066 mpc=-0.500
[dream_first] cycle 10/20 steps=2700 pred_mse=1.0048 mpc=-0.500
[dream_first] cycle 11/20 steps=2979 pred_mse=0.9995 mpc=-0.500
[dream_first] cycle 12/20 steps=3250 pred_mse=0.9913 mpc=-0.500
[dream_first] cycle 13/20 steps=3524 pred_mse=0.9877 mpc=-0.636
[dream_first] cycle 14/20 steps=3833 pred_mse=0.9870 mpc=-0.624
[dream_first] cycle 15/20 steps=4138 pred_mse=0.9889 mpc=-0.622
[dream_first] cycle 16/20 steps=4394 pred_mse=0.9862 mpc=-0.332
[dream_first] cycle 17/20 steps=4607 pred_mse=0.9737 mpc=-0.632
[dream_first] cycle 18/20 steps=4743 pred_mse=0.9626 mpc=-0.440
[dream_first] cycle 19/20 steps=4998 pred_mse=0.9606 mpc=-0.440
[dream_first] cycle 20/20 steps=5225 pred_mse=0.9599 mpc=-0.440
完成：70.1s，已登记 results/registry.md
>>> r1b dh=256 dp=800 seed=1 13:01:40
/home/somnium-ignition/venvs/torch/lib/python3.10/site-packages/torch/_subclasses/functional_tensor.py:368: UserWarning: Failed to initialize NumPy: No module named 'numpy' (Triggered internally at /__w/pytorch/pytorch/torch/csrc/utils/tensor_numpy.cpp:84.)
  cpu = _conversion_method_template(device=torch.device("cpu"))
[dream_first] cycle 1/20 steps=231 pred_mse=1.4608 mpc=-0.608
[dream_first] cycle 2/20 steps=528 pred_mse=1.0938 mpc=0.078
[dream_first] cycle 3/20 steps=825 pred_mse=1.0498 mpc=0.216
[dream_first] cycle 4/20 steps=1117 pred_mse=1.0344 mpc=-0.310
[dream_first] cycle 5/20 steps=1466 pred_mse=1.0224 mpc=-0.200
[dream_first] cycle 6/20 steps=1683 pred_mse=1.0142 mpc=0.512
[dream_first] cycle 7/20 steps=1941 pred_mse=1.0088 mpc=-0.308
[dream_first] cycle 8/20 steps=2089 pred_mse=1.0058 mpc=-0.310
[dream_first] cycle 9/20 steps=2368 pred_mse=1.0048 mpc=-0.310
[dream_first] cycle 10/20 steps=2602 pred_mse=1.0041 mpc=0.230
[dream_first] cycle 11/20 steps=2863 pred_mse=1.0065 mpc=0.156
[dream_first] cycle 12/20 steps=3066 pred_mse=0.9999 mpc=-0.112
[dream_first] cycle 13/20 steps=3395 pred_mse=0.9945 mpc=-0.060
[dream_first] cycle 14/20 steps=3657 pred_mse=0.9906 mpc=0.304
[dream_first] cycle 15/20 steps=3983 pred_mse=0.9921 mpc=-0.112
[dream_first] cycle 16/20 steps=4252 pred_mse=0.9760 mpc=-0.188
[dream_first] cycle 17/20 steps=4571 pred_mse=0.9695 mpc=-0.226
[dream_first] cycle 18/20 steps=4878 pred_mse=0.9688 mpc=-0.500
[dream_first] cycle 19/20 steps=5119 pred_mse=0.9697 mpc=-0.134
[dream_first] cycle 20/20 steps=5381 pred_mse=0.9685 mpc=-0.088
完成：54.5s，已登记 results/registry.md
>>> r1b dh=1024 dp=3200 seed=0 13:02:38
/home/somnium-ignition/venvs/torch/lib/python3.10/site-packages/torch/_subclasses/functional_tensor.py:368: UserWarning: Failed to initialize NumPy: No module named 'numpy' (Triggered internally at /__w/pytorch/pytorch/torch/csrc/utils/tensor_numpy.cpp:84.)
  cpu = _conversion_method_template(device=torch.device("cpu"))
[dream_first] cycle 1/20 steps=195 pred_mse=1.0387 mpc=-0.500
[dream_first] cycle 2/20 steps=386 pred_mse=1.0187 mpc=-0.500
[dream_first] cycle 3/20 steps=697 pred_mse=1.0165 mpc=-0.500
[dream_first] cycle 4/20 steps=1076 pred_mse=1.0179 mpc=-0.500
[dream_first] cycle 5/20 steps=1341 pred_mse=1.0211 mpc=-0.500
[dream_first] cycle 6/20 steps=1633 pred_mse=1.0219 mpc=-0.500
[dream_first] cycle 7/20 steps=1863 pred_mse=1.0238 mpc=-0.500
[dream_first] cycle 8/20 steps=2118 pred_mse=1.0260 mpc=-0.500
[dream_first] cycle 9/20 steps=2387 pred_mse=1.0299 mpc=-0.500
[dream_first] cycle 10/20 steps=2700 pred_mse=1.0275 mpc=-0.500
[dream_first] cycle 11/20 steps=2979 pred_mse=1.0219 mpc=-0.500
[dream_first] cycle 12/20 steps=3250 pred_mse=1.0183 mpc=0.028
[dream_first] cycle 13/20 steps=3524 pred_mse=1.0154 mpc=0.012
[dream_first] cycle 14/20 steps=3833 pred_mse=1.0136 mpc=0.012
[dream_first] cycle 15/20 steps=4138 pred_mse=1.0166 mpc=-0.620
[dream_first] cycle 16/20 steps=4394 pred_mse=1.0152 mpc=-0.178
[dream_first] cycle 17/20 steps=4607 pred_mse=1.0067 mpc=-0.218
[dream_first] cycle 18/20 steps=4743 pred_mse=1.0053 mpc=-0.620
[dream_first] cycle 19/20 steps=4998 pred_mse=1.0087 mpc=-0.490
[dream_first] cycle 20/20 steps=5225 pred_mse=1.0099 mpc=-0.620
完成：125.6s，已登记 results/registry.md
>>> r1b dh=1024 dp=3200 seed=1 13:04:48
/home/somnium-ignition/venvs/torch/lib/python3.10/site-packages/torch/_subclasses/functional_tensor.py:368: UserWarning: Failed to initialize NumPy: No module named 'numpy' (Triggered internally at /__w/pytorch/pytorch/torch/csrc/utils/tensor_numpy.cpp:84.)
  cpu = _conversion_method_template(device=torch.device("cpu"))
[dream_first] cycle 1/20 steps=231 pred_mse=1.0649 mpc=-0.388
[dream_first] cycle 2/20 steps=528 pred_mse=1.0558 mpc=-0.204
[dream_first] cycle 3/20 steps=825 pred_mse=1.0558 mpc=-0.204
[dream_first] cycle 4/20 steps=1117 pred_mse=1.0572 mpc=-0.204
[dream_first] cycle 5/20 steps=1466 pred_mse=1.0575 mpc=-0.204
[dream_first] cycle 6/20 steps=1683 pred_mse=1.0542 mpc=-0.530
[dream_first] cycle 7/20 steps=1941 pred_mse=1.0541 mpc=-0.300
[dream_first] cycle 8/20 steps=2089 pred_mse=1.0544 mpc=-0.204
[dream_first] cycle 9/20 steps=2368 pred_mse=1.0533 mpc=-0.204
[dream_first] cycle 10/20 steps=2602 pred_mse=1.0496 mpc=-0.360
[dream_first] cycle 11/20 steps=2863 pred_mse=1.0454 mpc=-0.356
[dream_first] cycle 12/20 steps=3066 pred_mse=1.0406 mpc=-0.502
[dream_first] cycle 13/20 steps=3395 pred_mse=1.0389 mpc=-0.204
[dream_first] cycle 14/20 steps=3657 pred_mse=1.0362 mpc=-0.204
[dream_first] cycle 15/20 steps=3983 pred_mse=1.0357 mpc=-0.100
[dream_first] cycle 16/20 steps=4252 pred_mse=1.0277 mpc=-0.790
[dream_first] cycle 17/20 steps=4571 pred_mse=1.0247 mpc=-0.456
[dream_first] cycle 18/20 steps=4878 pred_mse=1.0288 mpc=-0.716
[dream_first] cycle 19/20 steps=5119 pred_mse=1.0315 mpc=0.138
[dream_first] cycle 20/20 steps=5381 pred_mse=1.0293 mpc=0.174
完成：114.7s，已登记 results/registry.md
=== R1B ALL DONE Fri Oct  9 13:06:46 UTC 2026 ===
=== DRIVER START Fri Oct  9 13:06:46 UTC 2026 ===
/home/somnium-ignition/venvs/torch/lib/python3.10/site-packages/torch/_subclasses/functional_tensor.py:368: UserWarning: Failed to initialize NumPy: No module named 'numpy' (Triggered internally at /__w/pytorch/pytorch/torch/csrc/utils/tensor_numpy.cpp:84.)
  cpu = _conversion_method_template(device=torch.device("cpu"))
[round 1] {'round': 1, 'utc': '2026-10-09T13:06:51.550486+00:00', 'grid': 5, 'd_h': 64, 'dream_dose': 200, 'probes': {'residual': 7.9872, 'sigma': 0.5902, 'alpha': 0.1853, 'coverage': 0.9722}, 'action': 'shrink→grid5', 'grew': False, 'gray': [], 'dream_log_len': 7}
[round 2] {'round': 2, 'utc': '2026-10-09T13:06:53.402171+00:00', 'grid': 5, 'd_h': 64, 'dream_dose': 200, 'probes': {'residual': 7.4208, 'sigma': 0.4052, 'alpha': 0.2138, 'coverage': 0.9722}, 'action': 'hold', 'grew': False, 'gray': [], 'dream_log_len': 7}
[round 3] {'round': 3, 'utc': '2026-10-09T13:06:55.266449+00:00', 'grid': 5, 'd_h': 64, 'dream_dose': 200, 'probes': {'residual': 6.114, 'sigma': 0.5419, 'alpha': 0.4298, 'coverage': 0.9722}, 'action': 'hold', 'grew': False, 'gray': [], 'dream_log_len': 7}
[round 4] {'round': 4, 'utc': '2026-10-09T13:06:57.110386+00:00', 'grid': 5, 'd_h': 96, 'dream_dose': 300, 'probes': {'residual': 5.0082, 'sigma': 0.1702, 'alpha': 0.7141, 'coverage': 0.9722}, 'action': 'hold +GROW→d_h96', 'grew': True, 'gray': ['residual 阈间 5.0082'], 'dream_log_len': 7}
[round 5] {'round': 5, 'utc': '2026-10-09T13:06:59.044667+00:00', 'grid': 5, 'd_h': 96, 'dream_dose': 300, 'probes': {'residual': 5.6539, 'sigma': 0.1853, 'alpha': 0.8822, 'coverage': 0.9722}, 'action': 'hold', 'grew': False, 'gray': ['residual 阈间 5.6539'], 'dream_log_len': 7}
[round 6] {'round': 6, 'utc': '2026-10-09T13:07:01.013813+00:00', 'grid': 5, 'd_h': 96, 'dream_dose': 300, 'probes': {'residual': 4.5788, 'sigma': 0.082, 'alpha': 0.9561, 'coverage': 0.9722}, 'action': 'hold', 'grew': False, 'gray': ['residual 阈间 4.5788'], 'dream_log_len': 7}
[round 7] {'round': 7, 'utc': '2026-10-09T13:07:03.012608+00:00', 'grid': 6, 'd_h': 144, 'dream_dose': 450, 'probes': {'residual': 3.7255, 'sigma': 0.0923, 'alpha': 0.96, 'coverage': 0.9722}, 'action': 'expand→grid6 +GROW→d_h144', 'grew': True, 'gray': [], 'dream_log_len': 7}
[round 8] {'round': 8, 'utc': '2026-10-09T13:07:05.221425+00:00', 'grid': 5, 'd_h': 144, 'dream_dose': 450, 'probes': {'residual': 6.4924, 'sigma': 0.1206, 'alpha': 0.959, 'coverage': 0.9722}, 'action': 'shrink→grid5', 'grew': False, 'gray': [], 'dream_log_len': 8}
[round 9] {'round': 9, 'utc': '2026-10-09T13:07:07.459221+00:00', 'grid': 5, 'd_h': 144, 'dream_dose': 450, 'probes': {'residual': 5.3107, 'sigma': 0.1362, 'alpha': 0.9763, 'coverage': 0.9722}, 'action': 'hold', 'grew': False, 'gray': ['residual 阈间 5.3107'], 'dream_log_len': 8}
[round 10] {'round': 10, 'utc': '2026-10-09T13:07:09.724369+00:00', 'grid': 5, 'd_h': 216, 'dream_dose': 675, 'probes': {'residual': 4.6224, 'sigma': 0.0856, 'alpha': 0.987, 'coverage': 0.9722}, 'action': 'hold +GROW→d_h216', 'grew': True, 'gray': ['residual 阈间 4.6224'], 'dream_log_len': 8}
[round 11] {'round': 11, 'utc': '2026-10-09T13:07:12.297760+00:00', 'grid': 5, 'd_h': 216, 'dream_dose': 675, 'probes': {'residual': 8.5386, 'sigma': 0.0992, 'alpha': 0.934, 'coverage': 0.9722}, 'action': 'hold', 'grew': False, 'gray': [], 'dream_log_len': 9}
[round 12] {'round': 12, 'utc': '2026-10-09T13:07:14.967237+00:00', 'grid': 5, 'd_h': 216, 'dream_dose': 675, 'probes': {'residual': 6.7807, 'sigma': 0.1467, 'alpha': 0.9142, 'coverage': 0.9722}, 'action': 'hold', 'grew': False, 'gray': [], 'dream_log_len': 9}
[round 13] {'round': 13, 'utc': '2026-10-09T13:07:17.539083+00:00', 'grid': 5, 'd_h': 216, 'dream_dose': 675, 'probes': {'residual': 6.987, 'sigma': 0.1166, 'alpha': 0.7755, 'coverage': 0.9722}, 'action': 'hold', 'grew': False, 'gray': [], 'dream_log_len': 9}
[round 14] {'round': 14, 'utc': '2026-10-09T13:07:20.143724+00:00', 'grid': 5, 'd_h': 216, 'dream_dose': 675, 'probes': {'residual': 6.1148, 'sigma': 0.0551, 'alpha': 0.8728, 'coverage': 0.9722}, 'action': 'hold', 'grew': False, 'gray': [], 'dream_log_len': 9}
[round 15] {'round': 15, 'utc': '2026-10-09T13:07:22.744247+00:00', 'grid': 5, 'd_h': 324, 'dream_dose': 1012, 'probes': {'residual': 5.2005, 'sigma': 0.1276, 'alpha': 0.8862, 'coverage': 0.9722}, 'action': 'hold +GROW→d_h324', 'grew': True, 'gray': ['residual 阈间 5.2005'], 'dream_log_len': 9}
[round 16] {'round': 16, 'utc': '2026-10-09T13:07:26.004510+00:00', 'grid': 5, 'd_h': 324, 'dream_dose': 1012, 'probes': {'residual': 10.7535, 'sigma': 0.0915, 'alpha': 0.9052, 'coverage': 0.9722}, 'action': 'hold', 'grew': False, 'gray': [], 'dream_log_len': 11}
[round 17] {'round': 17, 'utc': '2026-10-09T13:07:29.284476+00:00', 'grid': 5, 'd_h': 324, 'dream_dose': 1012, 'probes': {'residual': 9.3916, 'sigma': 0.1363, 'alpha': 0.9396, 'coverage': 0.9722}, 'action': 'hold', 'grew': False, 'gray': [], 'dream_log_len': 11}
[round 18] {'round': 18, 'utc': '2026-10-09T13:07:32.585720+00:00', 'grid': 5, 'd_h': 324, 'dream_dose': 1012, 'probes': {'residual': 8.55, 'sigma': 0.0663, 'alpha': 0.9107, 'coverage': 0.9722}, 'action': 'hold', 'grew': False, 'gray': [], 'dream_log_len': 11}
[round 19] {'round': 19, 'utc': '2026-10-09T13:07:36.024239+00:00', 'grid': 5, 'd_h': 324, 'dream_dose': 1012, 'probes': {'residual': 7.3357, 'sigma': 0.1327, 'alpha': 0.8737, 'coverage': 0.9722}, 'action': 'hold', 'grew': False, 'gray': [], 'dream_log_len': 11}
[round 20] {'round': 20, 'utc': '2026-10-09T13:07:39.319374+00:00', 'grid': 5, 'd_h': 486, 'dream_dose': 1518, 'probes': {'residual': 6.5964, 'sigma': 0.0934, 'alpha': 0.9173, 'coverage': 0.9722}, 'action': 'hold +GROW→d_h486', 'grew': True, 'gray': [], 'dream_log_len': 11}
[round 21] {'round': 21, 'utc': '2026-10-09T13:07:43.927327+00:00', 'grid': 5, 'd_h': 486, 'dream_dose': 1518, 'probes': {'residual': 18.2477, 'sigma': 0.3007, 'alpha': 0.188, 'coverage': 0.9722}, 'action': 'hold', 'grew': False, 'gray': [], 'dream_log_len': 13}
[round 22] {'round': 22, 'utc': '2026-10-09T13:07:48.568152+00:00', 'grid': 5, 'd_h': 486, 'dream_dose': 1518, 'probes': {'residual': 17.2079, 'sigma': 0.1579, 'alpha': 0.2738, 'coverage': 0.9722}, 'action': 'hold', 'grew': False, 'gray': [], 'dream_log_len': 13}
[round 23] {'round': 23, 'utc': '2026-10-09T13:07:53.337876+00:00', 'grid': 5, 'd_h': 486, 'dream_dose': 1518, 'probes': {'residual': 17.0972, 'sigma': 0.2545, 'alpha': 0.2206, 'coverage': 0.9722}, 'action': 'hold', 'grew': False, 'gray': [], 'dream_log_len': 13}
[round 24] {'round': 24, 'utc': '2026-10-09T13:07:58.213087+00:00', 'grid': 5, 'd_h': 486, 'dream_dose': 1518, 'probes': {'residual': 17.4124, 'sigma': 0.2356, 'alpha': 0.17, 'coverage': 0.9722}, 'action': 'hold', 'grew': False, 'gray': [], 'dream_log_len': 13}
[round 25] {'round': 25, 'utc': '2026-10-09T13:08:02.968819+00:00', 'grid': 5, 'd_h': 486, 'dream_dose': 1518, 'probes': {'residual': 13.7608, 'sigma': 0.1427, 'alpha': 0.3695, 'coverage': 0.9722}, 'action': 'hold', 'grew': False, 'gray': [], 'dream_log_len': 13}
[round 26] {'round': 26, 'utc': '2026-10-09T13:08:07.740738+00:00', 'grid': 5, 'd_h': 486, 'dream_dose': 1518, 'probes': {'residual': 13.0083, 'sigma': 0.1131, 'alpha': 0.4649, 'coverage': 0.9722}, 'action': 'hold', 'grew': False, 'gray': [], 'dream_log_len': 13}
[round 27] {'round': 27, 'utc': '2026-10-09T13:08:12.655513+00:00', 'grid': 5, 'd_h': 486, 'dream_dose': 1518, 'probes': {'residual': 12.4697, 'sigma': 0.1119, 'alpha': 0.4204, 'coverage': 0.9722}, 'action': 'hold', 'grew': False, 'gray': [], 'dream_log_len': 13}
[round 28] {'round': 28, 'utc': '2026-10-09T13:08:17.436210+00:00', 'grid': 5, 'd_h': 486, 'dream_dose': 1518, 'probes': {'residual': 12.2656, 'sigma': 0.3348, 'alpha': 0.5202, 'coverage': 0.9722}, 'action': 'hold', 'grew': False, 'gray': [], 'dream_log_len': 13}
[round 29] {'round': 29, 'utc': '2026-10-09T13:08:22.166745+00:00', 'grid': 5, 'd_h': 486, 'dream_dose': 1518, 'probes': {'residual': 12.0965, 'sigma': 0.1824, 'alpha': 0.4816, 'coverage': 0.9722}, 'action': 'hold', 'grew': False, 'gray': [], 'dream_log_len': 13}
[round 30] {'round': 30, 'utc': '2026-10-09T13:08:26.931342+00:00', 'grid': 5, 'd_h': 486, 'dream_dose': 1518, 'probes': {'residual': 10.8064, 'sigma': 0.0745, 'alpha': 0.5419, 'coverage': 0.9722}, 'action': 'hold', 'grew': False, 'gray': [], 'dream_log_len': 13}
[round 31] {'round': 31, 'utc': '2026-10-09T13:08:31.799369+00:00', 'grid': 5, 'd_h': 486, 'dream_dose': 1518, 'probes': {'residual': 10.228, 'sigma': 0.0936, 'alpha': 0.4891, 'coverage': 0.9722}, 'action': 'hold', 'grew': False, 'gray': [], 'dream_log_len': 13}
[round 32] {'round': 32, 'utc': '2026-10-09T13:08:36.573426+00:00', 'grid': 5, 'd_h': 486, 'dream_dose': 1518, 'probes': {'residual': 9.5394, 'sigma': 0.1142, 'alpha': 0.5211, 'coverage': 0.9722}, 'action': 'hold', 'grew': False, 'gray': [], 'dream_log_len': 13}
[round 33] {'round': 33, 'utc': '2026-10-09T13:08:41.326631+00:00', 'grid': 5, 'd_h': 486, 'dream_dose': 1518, 'probes': {'residual': 9.5844, 'sigma': 0.1038, 'alpha': 0.5265, 'coverage': 0.9722}, 'action': 'hold', 'grew': False, 'gray': [], 'dream_log_len': 13}
[round 34] {'round': 34, 'utc': '2026-10-09T13:08:46.089577+00:00', 'grid': 5, 'd_h': 486, 'dream_dose': 1518, 'probes': {'residual': 11.0756, 'sigma': 0.0909, 'alpha': 0.4001, 'coverage': 0.9722}, 'action': 'hold', 'grew': False, 'gray': [], 'dream_log_len': 13}
[round 35] {'round': 35, 'utc': '2026-10-09T13:08:50.953118+00:00', 'grid': 5, 'd_h': 486, 'dream_dose': 1518, 'probes': {'residual': 9.7175, 'sigma': 0.1122, 'alpha': 0.4698, 'coverage': 0.9722}, 'action': 'hold', 'grew': False, 'gray': [], 'dream_log_len': 13}
[round 36] {'round': 36, 'utc': '2026-10-09T13:08:55.746111+00:00', 'grid': 5, 'd_h': 486, 'dream_dose': 1518, 'probes': {'residual': 8.7752, 'sigma': 0.0457, 'alpha': 0.5405, 'coverage': 0.9722}, 'action': 'hold', 'grew': False, 'gray': [], 'dream_log_len': 13}
[round 37] {'round': 37, 'utc': '2026-10-09T13:09:00.542511+00:00', 'grid': 5, 'd_h': 486, 'dream_dose': 1518, 'probes': {'residual': 8.3624, 'sigma': 0.094, 'alpha': 0.5799, 'coverage': 0.9722}, 'action': 'hold', 'grew': False, 'gray': [], 'dream_log_len': 13}
[round 38] {'round': 38, 'utc': '2026-10-09T13:09:05.311115+00:00', 'grid': 5, 'd_h': 486, 'dream_dose': 1518, 'probes': {'residual': 8.0683, 'sigma': 0.0629, 'alpha': 0.5599, 'coverage': 0.9722}, 'action': 'hold', 'grew': False, 'gray': [], 'dream_log_len': 13}
[round 39] {'round': 39, 'utc': '2026-10-09T13:09:10.197552+00:00', 'grid': 5, 'd_h': 486, 'dream_dose': 1518, 'probes': {'residual': 7.9456, 'sigma': 0.0781, 'alpha': 0.5245, 'coverage': 0.9722}, 'action': 'hold', 'grew': False, 'gray': [], 'dream_log_len': 13}
[round 40] {'round': 40, 'utc': '2026-10-09T13:09:15.022516+00:00', 'grid': 5, 'd_h': 486, 'dream_dose': 1518, 'probes': {'residual': 8.2288, 'sigma': 0.117, 'alpha': 0.5344, 'coverage': 0.9722}, 'action': 'hold', 'grew': False, 'gray': [], 'dream_log_len': 13}
[round 41] {'round': 41, 'utc': '2026-10-09T13:09:19.793708+00:00', 'grid': 5, 'd_h': 486, 'dream_dose': 1518, 'probes': {'residual': 8.0605, 'sigma': 0.0635, 'alpha': 0.487, 'coverage': 0.9722}, 'action': 'hold', 'grew': False, 'gray': [], 'dream_log_len': 13}
[round 42] {'round': 42, 'utc': '2026-10-09T13:09:24.589266+00:00', 'grid': 5, 'd_h': 486, 'dream_dose': 1518, 'probes': {'residual': 7.742, 'sigma': 0.0952, 'alpha': 0.526, 'coverage': 0.9722}, 'action': 'hold', 'grew': False, 'gray': [], 'dream_log_len': 13}
[round 43] {'round': 43, 'utc': '2026-10-09T13:09:29.434245+00:00', 'grid': 5, 'd_h': 486, 'dream_dose': 1518, 'probes': {'residual': 8.3947, 'sigma': 0.0824, 'alpha': 0.4721, 'coverage': 0.9722}, 'action': 'hold', 'grew': False, 'gray': [], 'dream_log_len': 13}
[round 44] {'round': 44, 'utc': '2026-10-09T13:09:34.235647+00:00', 'grid': 5, 'd_h': 486, 'dream_dose': 1518, 'probes': {'residual': 8.4781, 'sigma': 0.0674, 'alpha': 0.4096, 'coverage': 0.9722}, 'action': 'hold', 'grew': False, 'gray': [], 'dream_log_len': 13}
[round 45] {'round': 45, 'utc': '2026-10-09T13:09:38.931893+00:00', 'grid': 5, 'd_h': 486, 'dream_dose': 1518, 'probes': {'residual': 7.7108, 'sigma': 0.0866, 'alpha': 0.5888, 'coverage': 0.9722}, 'action': 'hold', 'grew': False, 'gray': [], 'dream_log_len': 13}
[round 46] {'round': 46, 'utc': '2026-10-09T13:09:43.611937+00:00', 'grid': 5, 'd_h': 486, 'dream_dose': 1518, 'probes': {'residual': 7.4961, 'sigma': 0.0632, 'alpha': 0.4849, 'coverage': 0.9722}, 'action': 'hold', 'grew': False, 'gray': [], 'dream_log_len': 13}
[round 47] {'round': 47, 'utc': '2026-10-09T13:09:48.473660+00:00', 'grid': 5, 'd_h': 486, 'dream_dose': 1518, 'probes': {'residual': 7.1265, 'sigma': 0.0737, 'alpha': 0.5184, 'coverage': 0.9722}, 'action': 'hold', 'grew': False, 'gray': [], 'dream_log_len': 13}
[round 48] {'round': 48, 'utc': '2026-10-09T13:09:53.245732+00:00', 'grid': 5, 'd_h': 486, 'dream_dose': 1518, 'probes': {'residual': 7.7885, 'sigma': 0.0359, 'alpha': 0.4734, 'coverage': 0.9722}, 'action': 'hold', 'grew': False, 'gray': [], 'dream_log_len': 13}
[round 49] {'round': 49, 'utc': '2026-10-09T13:09:58.018055+00:00', 'grid': 5, 'd_h': 486, 'dream_dose': 1518, 'probes': {'residual': 9.4704, 'sigma': 0.0695, 'alpha': 0.4311, 'coverage': 0.9722}, 'action': 'hold', 'grew': False, 'gray': [], 'dream_log_len': 13}
[round 50] {'round': 50, 'utc': '2026-10-09T13:10:02.841018+00:00', 'grid': 5, 'd_h': 486, 'dream_dose': 1518, 'probes': {'residual': 9.5961, 'sigma': 0.0836, 'alpha': 0.3801, 'coverage': 0.9722}, 'action': 'hold', 'grew': False, 'gray': [], 'dream_log_len': 13}
[round 51] {'round': 51, 'utc': '2026-10-09T13:10:07.615176+00:00', 'grid': 5, 'd_h': 486, 'dream_dose': 1518, 'probes': {'residual': 13.7462, 'sigma': 0.3802, 'alpha': 0.1814, 'coverage': 0.9722}, 'action': 'hold', 'grew': False, 'gray': [], 'dream_log_len': 13}
[round 52] {'round': 52, 'utc': '2026-10-09T13:10:12.437391+00:00', 'grid': 5, 'd_h': 486, 'dream_dose': 1518, 'probes': {'residual': 9.5515, 'sigma': 0.1706, 'alpha': 0.439, 'coverage': 0.9722}, 'action': 'hold', 'grew': False, 'gray': [], 'dream_log_len': 13}
[round 53] {'round': 53, 'utc': '2026-10-09T13:10:17.193737+00:00', 'grid': 5, 'd_h': 486, 'dream_dose': 1518, 'probes': {'residual': 9.2234, 'sigma': 0.0954, 'alpha': 0.4732, 'coverage': 0.9722}, 'action': 'hold', 'grew': False, 'gray': [], 'dream_log_len': 13}
[round 54] {'round': 54, 'utc': '2026-10-09T13:10:22.035364+00:00', 'grid': 5, 'd_h': 486, 'dream_dose': 1518, 'probes': {'residual': 8.6463, 'sigma': 0.1001, 'alpha': 0.4627, 'coverage': 0.9722}, 'action': 'hold', 'grew': False, 'gray': [], 'dream_log_len': 13}
[round 55] {'round': 55, 'utc': '2026-10-09T13:10:26.844072+00:00', 'grid': 5, 'd_h': 486, 'dream_dose': 1518, 'probes': {'residual': 10.5007, 'sigma': 0.0935, 'alpha': 0.3464, 'coverage': 0.9722}, 'action': 'hold', 'grew': False, 'gray': [], 'dream_log_len': 13}
[round 56] {'round': 56, 'utc': '2026-10-09T13:10:31.657786+00:00', 'grid': 5, 'd_h': 486, 'dream_dose': 1518, 'probes': {'residual': 8.7212, 'sigma': 0.1188, 'alpha': 0.4389, 'coverage': 0.9722}, 'action': 'hold', 'grew': False, 'gray': [], 'dream_log_len': 13}
[round 57] {'round': 57, 'utc': '2026-10-09T13:10:36.436710+00:00', 'grid': 5, 'd_h': 486, 'dream_dose': 1518, 'probes': {'residual': 8.2144, 'sigma': 0.0946, 'alpha': 0.4459, 'coverage': 0.9722}, 'action': 'hold', 'grew': False, 'gray': [], 'dream_log_len': 13}
[round 58] {'round': 58, 'utc': '2026-10-09T13:10:41.305833+00:00', 'grid': 5, 'd_h': 486, 'dream_dose': 1518, 'probes': {'residual': 7.8311, 'sigma': 0.057, 'alpha': 0.4992, 'coverage': 0.9722}, 'action': 'hold', 'grew': False, 'gray': [], 'dream_log_len': 13}
[round 59] {'round': 59, 'utc': '2026-10-09T13:10:46.065805+00:00', 'grid': 5, 'd_h': 486, 'dream_dose': 1518, 'probes': {'residual': 7.4161, 'sigma': 0.0733, 'alpha': 0.502, 'coverage': 0.9722}, 'action': 'hold', 'grew': False, 'gray': [], 'dream_log_len': 13}
[round 60] {'round': 60, 'utc': '2026-10-09T13:10:50.816515+00:00', 'grid': 5, 'd_h': 486, 'dream_dose': 1518, 'probes': {'residual': 7.765, 'sigma': 0.0869, 'alpha': 0.4811, 'coverage': 0.9722}, 'action': 'hold', 'grew': False, 'gray': [], 'dream_log_len': 13}
[round 61] {'round': 61, 'utc': '2026-10-09T13:10:55.601698+00:00', 'grid': 5, 'd_h': 486, 'dream_dose': 1518, 'probes': {'residual': 7.8423, 'sigma': 0.0804, 'alpha': 0.4312, 'coverage': 0.9722}, 'action': 'hold', 'grew': False, 'gray': [], 'dream_log_len': 13}
[round 62] {'round': 62, 'utc': '2026-10-09T13:11:00.548435+00:00', 'grid': 5, 'd_h': 486, 'dream_dose': 1518, 'probes': {'residual': 7.3355, 'sigma': 0.1027, 'alpha': 0.4631, 'coverage': 0.9722}, 'action': 'hold', 'grew': False, 'gray': [], 'dream_log_len': 13}
[round 63] {'round': 63, 'utc': '2026-10-09T13:11:05.449009+00:00', 'grid': 5, 'd_h': 486, 'dream_dose': 1518, 'probes': {'residual': 7.0557, 'sigma': 0.1035, 'alpha': 0.5197, 'coverage': 0.9722}, 'action': 'hold', 'grew': False, 'gray': [], 'dream_log_len': 13}
[round 64] {'round': 64, 'utc': '2026-10-09T13:11:10.483468+00:00', 'grid': 5, 'd_h': 486, 'dream_dose': 1518, 'probes': {'residual': 7.2977, 'sigma': 0.05, 'alpha': 0.4731, 'coverage': 0.9722}, 'action': 'hold', 'grew': False, 'gray': [], 'dream_log_len': 13}
[round 65] {'round': 65, 'utc': '2026-10-09T13:11:15.503325+00:00', 'grid': 5, 'd_h': 486, 'dream_dose': 1518, 'probes': {'residual': 7.1614, 'sigma': 0.0927, 'alpha': 0.4482, 'coverage': 0.9722}, 'action': 'hold', 'grew': False, 'gray': [], 'dream_log_len': 13}
[round 66] {'round': 66, 'utc': '2026-10-09T13:11:20.419286+00:00', 'grid': 5, 'd_h': 486, 'dream_dose': 1518, 'probes': {'residual': 8.0235, 'sigma': 0.1091, 'alpha': 0.4869, 'coverage': 0.9722}, 'action': 'hold', 'grew': False, 'gray': [], 'dream_log_len': 13}
[round 67] {'round': 67, 'utc': '2026-10-09T13:11:25.432067+00:00', 'grid': 5, 'd_h': 486, 'dream_dose': 1518, 'probes': {'residual': 6.7672, 'sigma': 0.093, 'alpha': 0.484, 'coverage': 0.9722}, 'action': 'hold', 'grew': False, 'gray': [], 'dream_log_len': 13}
[round 68] {'round': 68, 'utc': '2026-10-09T13:11:30.353532+00:00', 'grid': 5, 'd_h': 486, 'dream_dose': 1518, 'probes': {'residual': 6.9962, 'sigma': 0.1284, 'alpha': 0.5224, 'coverage': 0.9722}, 'action': 'hold', 'grew': False, 'gray': [], 'dream_log_len': 13}
[round 69] {'round': 69, 'utc': '2026-10-09T13:11:35.410149+00:00', 'grid': 5, 'd_h': 486, 'dream_dose': 1518, 'probes': {'residual': 7.2103, 'sigma': 0.0961, 'alpha': 0.4632, 'coverage': 0.9722}, 'action': 'hold', 'grew': False, 'gray': [], 'dream_log_len': 13}
[round 70] {'round': 70, 'utc': '2026-10-09T13:11:40.411584+00:00', 'grid': 5, 'd_h': 486, 'dream_dose': 1518, 'probes': {'residual': 6.9898, 'sigma': 0.0918, 'alpha': 0.4849, 'coverage': 0.9722}, 'action': 'hold', 'grew': False, 'gray': [], 'dream_log_len': 13}
[round 71] {'round': 71, 'utc': '2026-10-09T13:11:45.360818+00:00', 'grid': 5, 'd_h': 486, 'dream_dose': 1518, 'probes': {'residual': 6.8799, 'sigma': 0.0697, 'alpha': 0.4665, 'coverage': 0.9722}, 'action': 'hold', 'grew': False, 'gray': [], 'dream_log_len': 13}
[round 72] {'round': 72, 'utc': '2026-10-09T13:11:50.529649+00:00', 'grid': 5, 'd_h': 486, 'dream_dose': 1518, 'probes': {'residual': 6.9335, 'sigma': 0.07, 'alpha': 0.4479, 'coverage': 0.9722}, 'action': 'hold', 'grew': False, 'gray': [], 'dream_log_len': 13}
[round 73] {'round': 73, 'utc': '2026-10-09T13:11:55.475138+00:00', 'grid': 5, 'd_h': 486, 'dream_dose': 1518, 'probes': {'residual': 7.8281, 'sigma': 0.053, 'alpha': 0.4284, 'coverage': 0.9722}, 'action': 'hold', 'grew': False, 'gray': [], 'dream_log_len': 13}
[round 74] {'round': 74, 'utc': '2026-10-09T13:12:00.388678+00:00', 'grid': 5, 'd_h': 486, 'dream_dose': 1518, 'probes': {'residual': 7.8791, 'sigma': 0.1069, 'alpha': 0.4515, 'coverage': 0.9722}, 'action': 'hold', 'grew': False, 'gray': [], 'dream_log_len': 13}
[round 75] {'round': 75, 'utc': '2026-10-09T13:12:05.307951+00:00', 'grid': 5, 'd_h': 486, 'dream_dose': 1518, 'probes': {'residual': 7.7918, 'sigma': 0.1532, 'alpha': 0.4536, 'coverage': 0.9722}, 'action': 'hold', 'grew': False, 'gray': [], 'dream_log_len': 13}
[round 76] {'round': 76, 'utc': '2026-10-09T13:12:10.329221+00:00', 'grid': 5, 'd_h': 486, 'dream_dose': 1518, 'probes': {'residual': 8.0587, 'sigma': 0.0879, 'alpha': 0.4287, 'coverage': 0.9722}, 'action': 'hold', 'grew': False, 'gray': [], 'dream_log_len': 13}
[round 77] {'round': 77, 'utc': '2026-10-09T13:12:15.233595+00:00', 'grid': 5, 'd_h': 486, 'dream_dose': 1518, 'probes': {'residual': 7.6691, 'sigma': 0.0463, 'alpha': 0.4235, 'coverage': 0.9722}, 'action': 'hold', 'grew': False, 'gray': [], 'dream_log_len': 13}
[round 78] {'round': 78, 'utc': '2026-10-09T13:12:20.119670+00:00', 'grid': 5, 'd_h': 486, 'dream_dose': 1518, 'probes': {'residual': 7.4688, 'sigma': 0.0591, 'alpha': 0.4496, 'coverage': 0.9722}, 'action': 'hold', 'grew': False, 'gray': [], 'dream_log_len': 13}
[round 79] {'round': 79, 'utc': '2026-10-09T13:12:24.992462+00:00', 'grid': 5, 'd_h': 486, 'dream_dose': 1518, 'probes': {'residual': 7.3312, 'sigma': 0.1342, 'alpha': 0.4336, 'coverage': 0.9722}, 'action': 'hold', 'grew': False, 'gray': [], 'dream_log_len': 13}
[round 80] {'round': 80, 'utc': '2026-10-09T13:12:29.942861+00:00', 'grid': 5, 'd_h': 486, 'dream_dose': 1518, 'probes': {'residual': 8.0808, 'sigma': 0.0647, 'alpha': 0.498, 'coverage': 0.9722}, 'action': 'hold', 'grew': False, 'gray': [], 'dream_log_len': 13}
[round 81] {'round': 81, 'utc': '2026-10-09T13:12:34.783057+00:00', 'grid': 5, 'd_h': 486, 'dream_dose': 1518, 'probes': {'residual': 7.2815, 'sigma': 0.0925, 'alpha': 0.4453, 'coverage': 0.9722}, 'action': 'hold', 'grew': False, 'gray': [], 'dream_log_len': 13}
[round 82] {'round': 82, 'utc': '2026-10-09T13:12:39.653467+00:00', 'grid': 5, 'd_h': 486, 'dream_dose': 1518, 'probes': {'residual': 7.236, 'sigma': 0.0969, 'alpha': 0.4751, 'coverage': 0.9722}, 'action': 'hold', 'grew': False, 'gray': [], 'dream_log_len': 13}
[round 83] {'round': 83, 'utc': '2026-10-09T13:12:44.562498+00:00', 'grid': 5, 'd_h': 486, 'dream_dose': 1518, 'probes': {'residual': 7.1348, 'sigma': 0.0958, 'alpha': 0.4877, 'coverage': 0.9722}, 'action': 'hold', 'grew': False, 'gray': [], 'dream_log_len': 13}
[round 84] {'round': 84, 'utc': '2026-10-09T13:12:49.525271+00:00', 'grid': 5, 'd_h': 486, 'dream_dose': 1518, 'probes': {'residual': 7.7719, 'sigma': 0.0758, 'alpha': 0.436, 'coverage': 0.9722}, 'action': 'hold', 'grew': False, 'gray': [], 'dream_log_len': 13}
[round 85] {'round': 85, 'utc': '2026-10-09T13:12:54.360618+00:00', 'grid': 5, 'd_h': 486, 'dream_dose': 1518, 'probes': {'residual': 7.7861, 'sigma': 0.1441, 'alpha': 0.4411, 'coverage': 0.9722}, 'action': 'hold', 'grew': False, 'gray': [], 'dream_log_len': 13}
[round 86] {'round': 86, 'utc': '2026-10-09T13:12:59.157759+00:00', 'grid': 5, 'd_h': 486, 'dream_dose': 1518, 'probes': {'residual': 7.5471, 'sigma': 0.0666, 'alpha': 0.4335, 'coverage': 0.9722}, 'action': 'hold', 'grew': False, 'gray': [], 'dream_log_len': 13}
[round 87] {'round': 87, 'utc': '2026-10-09T13:13:04.127419+00:00', 'grid': 5, 'd_h': 486, 'dream_dose': 1518, 'probes': {'residual': 7.3979, 'sigma': 0.0815, 'alpha': 0.4733, 'coverage': 0.9722}, 'action': 'hold', 'grew': False, 'gray': [], 'dream_log_len': 13}
[round 88] {'round': 88, 'utc': '2026-10-09T13:13:10.252569+00:00', 'grid': 5, 'd_h': 486, 'dream_dose': 1518, 'probes': {'residual': 8.8828, 'sigma': 0.0761, 'alpha': 0.4492, 'coverage': 0.9722}, 'action': 'hold', 'grew': False, 'gray': [], 'dream_log_len': 13}
[round 89] {'round': 89, 'utc': '2026-10-09T13:13:15.183245+00:00', 'grid': 5, 'd_h': 486, 'dream_dose': 1518, 'probes': {'residual': 8.3243, 'sigma': 0.0872, 'alpha': 0.4242, 'coverage': 0.9722}, 'action': 'hold', 'grew': False, 'gray': [], 'dream_log_len': 13}
[round 90] {'round': 90, 'utc': '2026-10-09T13:13:20.104873+00:00', 'grid': 5, 'd_h': 486, 'dream_dose': 1518, 'probes': {'residual': 8.203, 'sigma': 0.0628, 'alpha': 0.3685, 'coverage': 0.9722}, 'action': 'hold', 'grew': False, 'gray': [], 'dream_log_len': 13}
[round 91] {'round': 91, 'utc': '2026-10-09T13:13:25.144291+00:00', 'grid': 5, 'd_h': 486, 'dream_dose': 1518, 'probes': {'residual': 7.4859, 'sigma': 0.0833, 'alpha': 0.4567, 'coverage': 0.9722}, 'action': 'hold', 'grew': False, 'gray': [], 'dream_log_len': 13}
[round 92] {'round': 92, 'utc': '2026-10-09T13:13:30.075726+00:00', 'grid': 5, 'd_h': 486, 'dream_dose': 1518, 'probes': {'residual': 7.7244, 'sigma': 0.1236, 'alpha': 0.5174, 'coverage': 0.9722}, 'action': 'hold', 'grew': False, 'gray': [], 'dream_log_len': 13}
[round 93] {'round': 93, 'utc': '2026-10-09T13:13:34.981634+00:00', 'grid': 5, 'd_h': 486, 'dream_dose': 1518, 'probes': {'residual': 7.747, 'sigma': 0.0809, 'alpha': 0.4472, 'coverage': 0.9722}, 'action': 'hold', 'grew': False, 'gray': [], 'dream_log_len': 13}
[round 94] {'round': 94, 'utc': '2026-10-09T13:13:40.031513+00:00', 'grid': 5, 'd_h': 486, 'dream_dose': 1518, 'probes': {'residual': 7.2324, 'sigma': 0.0823, 'alpha': 0.4486, 'coverage': 0.9722}, 'action': 'hold', 'grew': False, 'gray': [], 'dream_log_len': 13}
[round 95] {'round': 95, 'utc': '2026-10-09T13:13:44.849782+00:00', 'grid': 5, 'd_h': 486, 'dream_dose': 1518, 'probes': {'residual': 7.5299, 'sigma': 0.1033, 'alpha': 0.4408, 'coverage': 0.9722}, 'action': 'hold', 'grew': False, 'gray': [], 'dream_log_len': 13}
[round 96] {'round': 96, 'utc': '2026-10-09T13:13:49.691570+00:00', 'grid': 5, 'd_h': 486, 'dream_dose': 1518, 'probes': {'residual': 7.6749, 'sigma': 0.0963, 'alpha': 0.4511, 'coverage': 0.9722}, 'action': 'hold', 'grew': False, 'gray': [], 'dream_log_len': 13}
[round 97] {'round': 97, 'utc': '2026-10-09T13:13:54.581536+00:00', 'grid': 5, 'd_h': 486, 'dream_dose': 1518, 'probes': {'residual': 8.5388, 'sigma': 0.0654, 'alpha': 0.3828, 'coverage': 0.9722}, 'action': 'hold', 'grew': False, 'gray': [], 'dream_log_len': 13}
[round 98] {'round': 98, 'utc': '2026-10-09T13:13:59.580917+00:00', 'grid': 5, 'd_h': 486, 'dream_dose': 1518, 'probes': {'residual': 8.1842, 'sigma': 0.0443, 'alpha': 0.4244, 'coverage': 0.9722}, 'action': 'hold', 'grew': False, 'gray': [], 'dream_log_len': 13}
[round 99] {'round': 99, 'utc': '2026-10-09T13:14:04.600923+00:00', 'grid': 5, 'd_h': 486, 'dream_dose': 1518, 'probes': {'residual': 8.5561, 'sigma': 0.0983, 'alpha': 0.4602, 'coverage': 0.9722}, 'action': 'hold', 'grew': False, 'gray': [], 'dream_log_len': 13}
[round 100] {'round': 100, 'utc': '2026-10-09T13:14:09.651029+00:00', 'grid': 5, 'd_h': 486, 'dream_dose': 1518, 'probes': {'residual': 7.9423, 'sigma': 0.0549, 'alpha': 0.4151, 'coverage': 0.9722}, 'action': 'hold', 'grew': False, 'gray': [], 'dream_log_len': 13}
[round 101] {'round': 101, 'utc': '2026-10-09T13:14:14.374186+00:00', 'grid': 5, 'd_h': 486, 'dream_dose': 1518, 'probes': {'residual': 7.6535, 'sigma': 0.0716, 'alpha': 0.4453, 'coverage': 0.9722}, 'action': 'hold', 'grew': False, 'gray': [], 'dream_log_len': 13}
[round 102] {'round': 102, 'utc': '2026-10-09T13:14:19.237940+00:00', 'grid': 5, 'd_h': 486, 'dream_dose': 1518, 'probes': {'residual': 7.5471, 'sigma': 0.0944, 'alpha': 0.4702, 'coverage': 0.9722}, 'action': 'hold', 'grew': False, 'gray': [], 'dream_log_len': 13}
[round 103] {'round': 103, 'utc': '2026-10-09T13:14:24.029626+00:00', 'grid': 5, 'd_h': 486, 'dream_dose': 1518, 'probes': {'residual': 7.8006, 'sigma': 0.057, 'alpha': 0.4164, 'coverage': 0.9722}, 'action': 'hold', 'grew': False, 'gray': [], 'dream_log_len': 13}
[round 104] {'round': 104, 'utc': '2026-10-09T13:14:28.867744+00:00', 'grid': 5, 'd_h': 486, 'dream_dose': 1518, 'probes': {'residual': 7.6359, 'sigma': 0.0855, 'alpha': 0.4094, 'coverage': 0.9722}, 'action': 'hold', 'grew': False, 'gray': [], 'dream_log_len': 13}
[round 105] {'round': 105, 'utc': '2026-10-09T13:14:33.773171+00:00', 'grid': 5, 'd_h': 486, 'dream_dose': 1518, 'probes': {'residual': 7.596, 'sigma': 0.0568, 'alpha': 0.4281, 'coverage': 0.9722}, 'action': 'hold', 'grew': False, 'gray': [], 'dream_log_len': 13}
[round 106] {'round': 106, 'utc': '2026-10-09T13:14:38.548218+00:00', 'grid': 5, 'd_h': 486, 'dream_dose': 1518, 'probes': {'residual': 7.9001, 'sigma': 0.0492, 'alpha': 0.439, 'coverage': 0.9722}, 'action': 'hold', 'grew': False, 'gray': [], 'dream_log_len': 13}
[round 107] {'round': 107, 'utc': '2026-10-09T13:14:43.337750+00:00', 'grid': 5, 'd_h': 486, 'dream_dose': 1518, 'probes': {'residual': 7.9821, 'sigma': 0.1151, 'alpha': 0.419, 'coverage': 0.9722}, 'action': 'hold', 'grew': False, 'gray': [], 'dream_log_len': 13}
[round 108] {'round': 108, 'utc': '2026-10-09T13:14:48.117730+00:00', 'grid': 5, 'd_h': 486, 'dream_dose': 1518, 'probes': {'residual': 7.7889, 'sigma': 0.0914, 'alpha': 0.4623, 'coverage': 0.9722}, 'action': 'hold', 'grew': False, 'gray': [], 'dream_log_len': 13}
[round 109] {'round': 109, 'utc': '2026-10-09T13:14:53.007536+00:00', 'grid': 5, 'd_h': 486, 'dream_dose': 1518, 'probes': {'residual': 7.7578, 'sigma': 0.1262, 'alpha': 0.462, 'coverage': 0.9722}, 'action': 'hold', 'grew': False, 'gray': [], 'dream_log_len': 13}
[round 110] {'round': 110, 'utc': '2026-10-09T13:14:57.803793+00:00', 'grid': 5, 'd_h': 486, 'dream_dose': 1518, 'probes': {'residual': 8.3123, 'sigma': 0.0671, 'alpha': 0.4679, 'coverage': 0.9722}, 'action': 'hold', 'grew': False, 'gray': [], 'dream_log_len': 13}
[round 111] {'round': 111, 'utc': '2026-10-09T13:15:02.614033+00:00', 'grid': 5, 'd_h': 486, 'dream_dose': 1518, 'probes': {'residual': 8.7665, 'sigma': 0.0963, 'alpha': 0.4893, 'coverage': 0.9722}, 'action': 'hold', 'grew': False, 'gray': [], 'dream_log_len': 13}
[round 112] {'round': 112, 'utc': '2026-10-09T13:15:07.432816+00:00', 'grid': 5, 'd_h': 486, 'dream_dose': 1518, 'probes': {'residual': 9.551, 'sigma': 0.1751, 'alpha': 0.5325, 'coverage': 0.9722}, 'action': 'hold', 'grew': False, 'gray': [], 'dream_log_len': 13}
[round 113] {'round': 113, 'utc': '2026-10-09T13:15:12.377376+00:00', 'grid': 5, 'd_h': 486, 'dream_dose': 1518, 'probes': {'residual': 8.3533, 'sigma': 0.0738, 'alpha': 0.4941, 'coverage': 0.9722}, 'action': 'hold', 'grew': False, 'gray': [], 'dream_log_len': 13}
[round 114] {'round': 114, 'utc': '2026-10-09T13:15:17.218210+00:00', 'grid': 5, 'd_h': 486, 'dream_dose': 1518, 'probes': {'residual': 8.6881, 'sigma': 0.0821, 'alpha': 0.4339, 'coverage': 0.9722}, 'action': 'hold', 'grew': False, 'gray': [], 'dream_log_len': 13}
[round 115] {'round': 115, 'utc': '2026-10-09T13:15:22.038037+00:00', 'grid': 5, 'd_h': 486, 'dream_dose': 1518, 'probes': {'residual': 8.7413, 'sigma': 0.092, 'alpha': 0.4685, 'coverage': 0.9722}, 'action': 'hold', 'grew': False, 'gray': [], 'dream_log_len': 13}
[round 116] {'round': 116, 'utc': '2026-10-09T13:15:27.008566+00:00', 'grid': 5, 'd_h': 486, 'dream_dose': 1518, 'probes': {'residual': 8.4935, 'sigma': 0.0613, 'alpha': 0.5292, 'coverage': 0.9722}, 'action': 'hold', 'grew': False, 'gray': [], 'dream_log_len': 13}
[round 117] {'round': 117, 'utc': '2026-10-09T13:15:31.915154+00:00', 'grid': 5, 'd_h': 486, 'dream_dose': 1518, 'probes': {'residual': 9.3472, 'sigma': 0.0981, 'alpha': 0.4821, 'coverage': 0.9722}, 'action': 'hold', 'grew': False, 'gray': [], 'dream_log_len': 13}
[round 118] {'round': 118, 'utc': '2026-10-09T13:15:36.841455+00:00', 'grid': 5, 'd_h': 486, 'dream_dose': 1518, 'probes': {'residual': 13.3995, 'sigma': 0.2345, 'alpha': 0.7639, 'coverage': 0.9722}, 'action': 'hold', 'grew': False, 'gray': [], 'dream_log_len': 13}
[round 119] {'round': 119, 'utc': '2026-10-09T13:15:41.721772+00:00', 'grid': 5, 'd_h': 486, 'dream_dose': 1518, 'probes': {'residual': 9.9429, 'sigma': 0.0868, 'alpha': 0.4925, 'coverage': 0.9722}, 'action': 'hold', 'grew': False, 'gray': [], 'dream_log_len': 13}
[round 120] {'round': 120, 'utc': '2026-10-09T13:15:46.659900+00:00', 'grid': 5, 'd_h': 486, 'dream_dose': 1518, 'probes': {'residual': 9.5926, 'sigma': 0.1059, 'alpha': 0.4854, 'coverage': 0.9722}, 'action': 'hold', 'grew': False, 'gray': [], 'dream_log_len': 13}
[round 121] {'round': 121, 'utc': '2026-10-09T13:15:51.526416+00:00', 'grid': 5, 'd_h': 486, 'dream_dose': 1518, 'probes': {'residual': 10.4352, 'sigma': 0.1446, 'alpha': 0.5391, 'coverage': 0.9722}, 'action': 'hold', 'grew': False, 'gray': [], 'dream_log_len': 13}
[round 122] {'round': 122, 'utc': '2026-10-09T13:15:56.381188+00:00', 'grid': 5, 'd_h': 486, 'dream_dose': 1518, 'probes': {'residual': 9.9134, 'sigma': 0.0915, 'alpha': 0.4442, 'coverage': 0.9722}, 'action': 'hold', 'grew': False, 'gray': [], 'dream_log_len': 13}
[round 123] {'round': 123, 'utc': '2026-10-09T13:16:01.256923+00:00', 'grid': 5, 'd_h': 486, 'dream_dose': 1518, 'probes': {'residual': 9.645, 'sigma': 0.0734, 'alpha': 0.4534, 'coverage': 0.9722}, 'action': 'hold', 'grew': False, 'gray': [], 'dream_log_len': 13}
[round 124] {'round': 124, 'utc': '2026-10-09T13:16:06.254004+00:00', 'grid': 5, 'd_h': 486, 'dream_dose': 1518, 'probes': {'residual': 9.5908, 'sigma': 0.0915, 'alpha': 0.5102, 'coverage': 0.9722}, 'action': 'hold', 'grew': False, 'gray': [], 'dream_log_len': 13}
[round 125] {'round': 125, 'utc': '2026-10-09T13:16:11.179453+00:00', 'grid': 5, 'd_h': 486, 'dream_dose': 1518, 'probes': {'residual': 9.7051, 'sigma': 0.1238, 'alpha': 0.5105, 'coverage': 0.9722}, 'action': 'hold', 'grew': False, 'gray': [], 'dream_log_len': 13}
[round 126] {'round': 126, 'utc': '2026-10-09T13:16:16.037988+00:00', 'grid': 5, 'd_h': 486, 'dream_dose': 1518, 'probes': {'residual': 9.7792, 'sigma': 0.0975, 'alpha': 0.5608, 'coverage': 0.9722}, 'action': 'hold', 'grew': False, 'gray': [], 'dream_log_len': 13}
[round 127] {'round': 127, 'utc': '2026-10-09T13:16:21.018199+00:00', 'grid': 5, 'd_h': 486, 'dream_dose': 1518, 'probes': {'residual': 10.2787, 'sigma': 0.065, 'alpha': 0.4526, 'coverage': 0.9722}, 'action': 'hold', 'grew': False, 'gray': [], 'dream_log_len': 13}
[round 128] {'round': 128, 'utc': '2026-10-09T13:16:25.972796+00:00', 'grid': 5, 'd_h': 486, 'dream_dose': 1518, 'probes': {'residual': 15.515, 'sigma': 0.1234, 'alpha': 0.1718, 'coverage': 0.9722}, 'action': 'hold', 'grew': False, 'gray': [], 'dream_log_len': 13}
[round 129] {'round': 129, 'utc': '2026-10-09T13:16:31.012609+00:00', 'grid': 5, 'd_h': 486, 'dream_dose': 1518, 'probes': {'residual': 12.9974, 'sigma': 0.1492, 'alpha': 0.4383, 'coverage': 0.9722}, 'action': 'hold', 'grew': False, 'gray': [], 'dream_log_len': 13}
[round 130] {'round': 130, 'utc': '2026-10-09T13:16:35.959011+00:00', 'grid': 5, 'd_h': 729, 'dream_dose': 2277, 'probes': {'residual': 11.0128, 'sigma': 0.0931, 'alpha': 0.5685, 'coverage': 0.9722}, 'action': 'hold +GROW→d_h729', 'grew': True, 'gray': [], 'dream_log_len': 13}
[round 131] {'round': 131, 'utc': '2026-10-09T13:16:45.338401+00:00', 'grid': 5, 'd_h': 729, 'dream_dose': 2277, 'probes': {'residual': 21.7783, 'sigma': 0.1736, 'alpha': 0.4691, 'coverage': 0.9722}, 'action': 'hold', 'grew': False, 'gray': [], 'dream_log_len': 17}
[round 132] {'round': 132, 'utc': '2026-10-09T13:16:54.762910+00:00', 'grid': 5, 'd_h': 729, 'dream_dose': 2277, 'probes': {'residual': 20.5329, 'sigma': 0.1941, 'alpha': 0.4927, 'coverage': 0.9722}, 'action': 'hold', 'grew': False, 'gray': [], 'dream_log_len': 17}
[round 133] {'round': 133, 'utc': '2026-10-09T13:17:04.199795+00:00', 'grid': 5, 'd_h': 729, 'dream_dose': 2277, 'probes': {'residual': 21.6987, 'sigma': 0.1397, 'alpha': 0.3838, 'coverage': 0.9722}, 'action': 'hold', 'grew': False, 'gray': [], 'dream_log_len': 17}
[round 134] {'round': 134, 'utc': '2026-10-09T13:17:13.831421+00:00', 'grid': 5, 'd_h': 729, 'dream_dose': 2277, 'probes': {'residual': 20.1025, 'sigma': 0.1341, 'alpha': 0.5206, 'coverage': 0.9722}, 'action': 'hold', 'grew': False, 'gray': [], 'dream_log_len': 17}
[round 135] {'round': 135, 'utc': '2026-10-09T13:17:23.511167+00:00', 'grid': 5, 'd_h': 729, 'dream_dose': 2277, 'probes': {'residual': 20.0258, 'sigma': 0.1518, 'alpha': 0.53, 'coverage': 0.9722}, 'action': 'hold', 'grew': False, 'gray': [], 'dream_log_len': 17}
[round 136] {'round': 136, 'utc': '2026-10-09T13:17:33.030304+00:00', 'grid': 5, 'd_h': 729, 'dream_dose': 2277, 'probes': {'residual': 20.127, 'sigma': 0.1405, 'alpha': 0.5417, 'coverage': 0.9722}, 'action': 'hold', 'grew': False, 'gray': [], 'dream_log_len': 17}
[round 137] {'round': 137, 'utc': '2026-10-09T13:17:42.412307+00:00', 'grid': 5, 'd_h': 729, 'dream_dose': 2277, 'probes': {'residual': 18.9625, 'sigma': 0.1379, 'alpha': 0.5417, 'coverage': 0.9722}, 'action': 'hold', 'grew': False, 'gray': [], 'dream_log_len': 17}
[round 138] {'round': 138, 'utc': '2026-10-09T13:17:51.833827+00:00', 'grid': 5, 'd_h': 729, 'dream_dose': 2277, 'probes': {'residual': 18.1757, 'sigma': 0.1106, 'alpha': 0.5245, 'coverage': 0.9722}, 'action': 'hold', 'grew': False, 'gray': [], 'dream_log_len': 17}
[round 139] {'round': 139, 'utc': '2026-10-09T13:18:01.376779+00:00', 'grid': 5, 'd_h': 729, 'dream_dose': 2277, 'probes': {'residual': 18.0968, 'sigma': 0.1143, 'alpha': 0.494, 'coverage': 0.9722}, 'action': 'hold', 'grew': False, 'gray': [], 'dream_log_len': 17}
[round 140] {'round': 140, 'utc': '2026-10-09T13:18:10.890882+00:00', 'grid': 5, 'd_h': 729, 'dream_dose': 2277, 'probes': {'residual': 17.9451, 'sigma': 0.1207, 'alpha': 0.4899, 'coverage': 0.9722}, 'action': 'hold', 'grew': False, 'gray': [], 'dream_log_len': 17}
[round 141] {'round': 141, 'utc': '2026-10-09T13:18:20.448409+00:00', 'grid': 5, 'd_h': 729, 'dream_dose': 2277, 'probes': {'residual': 18.2281, 'sigma': 0.132, 'alpha': 0.524, 'coverage': 0.9722}, 'action': 'hold', 'grew': False, 'gray': [], 'dream_log_len': 17}
[round 142] {'round': 142, 'utc': '2026-10-09T13:18:30.128857+00:00', 'grid': 5, 'd_h': 729, 'dream_dose': 2277, 'probes': {'residual': 21.1569, 'sigma': 0.1484, 'alpha': 0.5297, 'coverage': 0.9722}, 'action': 'hold', 'grew': False, 'gray': [], 'dream_log_len': 17}
[round 143] {'round': 143, 'utc': '2026-10-09T13:18:39.625047+00:00', 'grid': 5, 'd_h': 729, 'dream_dose': 2277, 'probes': {'residual': 19.5948, 'sigma': 0.1193, 'alpha': 0.6081, 'coverage': 0.9722}, 'action': 'hold', 'grew': False, 'gray': [], 'dream_log_len': 17}
[round 144] {'round': 144, 'utc': '2026-10-09T13:18:49.141477+00:00', 'grid': 5, 'd_h': 729, 'dream_dose': 2277, 'probes': {'residual': 19.6057, 'sigma': 0.116, 'alpha': 0.5812, 'coverage': 0.9722}, 'action': 'hold', 'grew': False, 'gray': [], 'dream_log_len': 17}
[round 145] {'round': 145, 'utc': '2026-10-09T13:18:58.765443+00:00', 'grid': 5, 'd_h': 729, 'dream_dose': 2277, 'probes': {'residual': 18.4422, 'sigma': 0.1542, 'alpha': 0.5649, 'coverage': 0.9722}, 'action': 'hold', 'grew': False, 'gray': [], 'dream_log_len': 17}
[round 146] {'round': 146, 'utc': '2026-10-09T13:19:08.539916+00:00', 'grid': 5, 'd_h': 729, 'dream_dose': 2277, 'probes': {'residual': 22.2561, 'sigma': 0.1624, 'alpha': 0.4033, 'coverage': 0.9722}, 'action': 'hold', 'grew': False, 'gray': [], 'dream_log_len': 17}
[round 147] {'round': 147, 'utc': '2026-10-09T13:19:18.743080+00:00', 'grid': 5, 'd_h': 729, 'dream_dose': 2277, 'probes': {'residual': 24.8039, 'sigma': 0.3011, 'alpha': 0.2424, 'coverage': 0.9722}, 'action': 'hold', 'grew': False, 'gray': [], 'dream_log_len': 17}
[round 148] {'round': 148, 'utc': '2026-10-09T13:19:29.122309+00:00', 'grid': 5, 'd_h': 729, 'dream_dose': 2277, 'probes': {'residual': 25.1563, 'sigma': 0.2282, 'alpha': 0.3472, 'coverage': 0.9722}, 'action': 'hold', 'grew': False, 'gray': [], 'dream_log_len': 17}
[round 149] {'round': 149, 'utc': '2026-10-09T13:19:39.155149+00:00', 'grid': 5, 'd_h': 729, 'dream_dose': 2277, 'probes': {'residual': 23.35, 'sigma': 0.2357, 'alpha': 0.3585, 'coverage': 0.9722}, 'action': 'hold', 'grew': False, 'gray': [], 'dream_log_len': 17}
[round 150] {'round': 150, 'utc': '2026-10-09T13:19:49.787708+00:00', 'grid': 5, 'd_h': 729, 'dream_dose': 2277, 'probes': {'residual': 30.0927, 'sigma': 0.4482, 'alpha': 0.0127, 'coverage': 0.9722}, 'action': 'hold', 'grew': False, 'gray': [], 'dream_log_len': 17}
[round 151] {'round': 151, 'utc': '2026-10-09T13:20:00.440262+00:00', 'grid': 5, 'd_h': 729, 'dream_dose': 2277, 'probes': {'residual': 27.519, 'sigma': 0.3111, 'alpha': 0.1024, 'coverage': 0.9722}, 'action': 'hold', 'grew': False, 'gray': [], 'dream_log_len': 17}
[round 152] {'round': 152, 'utc': '2026-10-09T13:20:11.074003+00:00', 'grid': 5, 'd_h': 729, 'dream_dose': 2277, 'probes': {'residual': 28.021, 'sigma': 0.214, 'alpha': 0.1621, 'coverage': 0.9722}, 'action': 'hold', 'grew': False, 'gray': [], 'dream_log_len': 17}
[round 153] {'round': 153, 'utc': '2026-10-09T13:20:21.720677+00:00', 'grid': 5, 'd_h': 729, 'dream_dose': 2277, 'probes': {'residual': 27.9829, 'sigma': 0.1937, 'alpha': 0.2112, 'coverage': 0.9722}, 'action': 'hold', 'grew': False, 'gray': [], 'dream_log_len': 17}
[round 154] {'round': 154, 'utc': '2026-10-09T13:20:32.225174+00:00', 'grid': 5, 'd_h': 729, 'dream_dose': 2277, 'probes': {'residual': 27.3872, 'sigma': 0.1607, 'alpha': 0.1996, 'coverage': 0.9722}, 'action': 'hold', 'grew': False, 'gray': [], 'dream_log_len': 17}
[round 155] {'round': 155, 'utc': '2026-10-09T13:20:42.711322+00:00', 'grid': 5, 'd_h': 729, 'dream_dose': 2277, 'probes': {'residual': 28.1566, 'sigma': 0.2556, 'alpha': 0.3089, 'coverage': 0.9722}, 'action': 'hold', 'grew': False, 'gray': [], 'dream_log_len': 17}
[round 156] {'round': 156, 'utc': '2026-10-09T13:20:53.174100+00:00', 'grid': 5, 'd_h': 729, 'dream_dose': 2277, 'probes': {'residual': 26.6328, 'sigma': 0.1834, 'alpha': 0.2926, 'coverage': 0.9722}, 'action': 'hold', 'grew': False, 'gray': [], 'dream_log_len': 17}
[round 157] {'round': 157, 'utc': '2026-10-09T13:21:03.740366+00:00', 'grid': 5, 'd_h': 729, 'dream_dose': 2277, 'probes': {'residual': 27.181, 'sigma': 0.2049, 'alpha': 0.2825, 'coverage': 0.9722}, 'action': 'hold', 'grew': False, 'gray': [], 'dream_log_len': 17}
[round 158] {'round': 158, 'utc': '2026-10-09T13:21:14.197981+00:00', 'grid': 5, 'd_h': 729, 'dream_dose': 2277, 'probes': {'residual': 25.7527, 'sigma': 0.2048, 'alpha': 0.2949, 'coverage': 0.9722}, 'action': 'hold', 'grew': False, 'gray': [], 'dream_log_len': 17}
[round 159] {'round': 159, 'utc': '2026-10-09T13:21:24.683797+00:00', 'grid': 5, 'd_h': 729, 'dream_dose': 2277, 'probes': {'residual': 29.8105, 'sigma': 0.1754, 'alpha': 0.4072, 'coverage': 0.9722}, 'action': 'hold', 'grew': False, 'gray': [], 'dream_log_len': 17}
[round 160] {'round': 160, 'utc': '2026-10-09T13:21:35.221583+00:00', 'grid': 5, 'd_h': 729, 'dream_dose': 2277, 'probes': {'residual': 27.4224, 'sigma': 0.1927, 'alpha': 0.4447, 'coverage': 0.9722}, 'action': 'hold', 'grew': False, 'gray': [], 'dream_log_len': 17}
[round 161] {'round': 161, 'utc': '2026-10-09T13:21:45.614590+00:00', 'grid': 5, 'd_h': 729, 'dream_dose': 2277, 'probes': {'residual': 24.6086, 'sigma': 0.1394, 'alpha': 0.3032, 'coverage': 0.9722}, 'action': 'hold', 'grew': False, 'gray': [], 'dream_log_len': 17}
[round 162] {'round': 162, 'utc': '2026-10-09T13:21:55.911727+00:00', 'grid': 5, 'd_h': 729, 'dream_dose': 2277, 'probes': {'residual': 24.21, 'sigma': 0.1227, 'alpha': 0.3986, 'coverage': 0.9722}, 'action': 'hold', 'grew': False, 'gray': [], 'dream_log_len': 17}
[round 163] {'round': 163, 'utc': '2026-10-09T13:22:05.962812+00:00', 'grid': 5, 'd_h': 729, 'dream_dose': 2277, 'probes': {'residual': 24.2726, 'sigma': 0.1253, 'alpha': 0.4618, 'coverage': 0.9722}, 'action': 'hold', 'grew': False, 'gray': [], 'dream_log_len': 17}
[round 164] {'round': 164, 'utc': '2026-10-09T13:22:16.167511+00:00', 'grid': 5, 'd_h': 729, 'dream_dose': 2277, 'probes': {'residual': 24.576, 'sigma': 0.1367, 'alpha': 0.4827, 'coverage': 0.9722}, 'action': 'hold', 'grew': False, 'gray': [], 'dream_log_len': 17}
[round 165] {'round': 165, 'utc': '2026-10-09T13:22:26.357711+00:00', 'grid': 5, 'd_h': 729, 'dream_dose': 2277, 'probes': {'residual': 23.8355, 'sigma': 0.1372, 'alpha': 0.4715, 'coverage': 0.9722}, 'action': 'hold', 'grew': False, 'gray': [], 'dream_log_len': 17}
[round 166] {'round': 166, 'utc': '2026-10-09T13:22:36.586917+00:00', 'grid': 5, 'd_h': 729, 'dream_dose': 2277, 'probes': {'residual': 24.0328, 'sigma': 0.1514, 'alpha': 0.4787, 'coverage': 0.9722}, 'action': 'hold', 'grew': False, 'gray': [], 'dream_log_len': 17}
[round 167] {'round': 167, 'utc': '2026-10-09T13:22:46.707925+00:00', 'grid': 5, 'd_h': 729, 'dream_dose': 2277, 'probes': {'residual': 22.4221, 'sigma': 0.1314, 'alpha': 0.5167, 'coverage': 0.9722}, 'action': 'hold', 'grew': False, 'gray': [], 'dream_log_len': 17}
[round 168] {'round': 168, 'utc': '2026-10-09T13:22:56.972136+00:00', 'grid': 5, 'd_h': 729, 'dream_dose': 2277, 'probes': {'residual': 22.1748, 'sigma': 0.1139, 'alpha': 0.4889, 'coverage': 0.9722}, 'action': 'hold', 'grew': False, 'gray': [], 'dream_log_len': 17}
[round 169] {'round': 169, 'utc': '2026-10-09T13:23:07.853908+00:00', 'grid': 5, 'd_h': 729, 'dream_dose': 2277, 'probes': {'residual': 21.9994, 'sigma': 0.1059, 'alpha': 0.5332, 'coverage': 0.9722}, 'action': 'hold', 'grew': False, 'gray': [], 'dream_log_len': 17}
[round 170] {'round': 170, 'utc': '2026-10-09T13:23:18.477614+00:00', 'grid': 5, 'd_h': 729, 'dream_dose': 2277, 'probes': {'residual': 21.0937, 'sigma': 0.1265, 'alpha': 0.4868, 'coverage': 0.9722}, 'action': 'hold', 'grew': False, 'gray': [], 'dream_log_len': 17}
[round 171] {'round': 171, 'utc': '2026-10-09T13:23:28.580913+00:00', 'grid': 5, 'd_h': 729, 'dream_dose': 2277, 'probes': {'residual': 21.7502, 'sigma': 0.1357, 'alpha': 0.4034, 'coverage': 0.9722}, 'action': 'hold', 'grew': False, 'gray': [], 'dream_log_len': 17}
[round 172] {'round': 172, 'utc': '2026-10-09T13:23:38.592702+00:00', 'grid': 5, 'd_h': 729, 'dream_dose': 2277, 'probes': {'residual': 20.7197, 'sigma': 0.1245, 'alpha': 0.5051, 'coverage': 0.9722}, 'action': 'hold', 'grew': False, 'gray': [], 'dream_log_len': 17}
[round 173] {'round': 173, 'utc': '2026-10-09T13:23:48.570671+00:00', 'grid': 5, 'd_h': 729, 'dream_dose': 2277, 'probes': {'residual': 21.2131, 'sigma': 0.1283, 'alpha': 0.5528, 'coverage': 0.9722}, 'action': 'hold', 'grew': False, 'gray': [], 'dream_log_len': 17}
[round 174] {'round': 174, 'utc': '2026-10-09T13:23:58.647671+00:00', 'grid': 5, 'd_h': 729, 'dream_dose': 2277, 'probes': {'residual': 21.6286, 'sigma': 0.1292, 'alpha': 0.5589, 'coverage': 0.9722}, 'action': 'hold', 'grew': False, 'gray': [], 'dream_log_len': 17}
[round 175] {'round': 175, 'utc': '2026-10-09T13:24:08.669781+00:00', 'grid': 5, 'd_h': 729, 'dream_dose': 2277, 'probes': {'residual': 20.1468, 'sigma': 0.1236, 'alpha': 0.4762, 'coverage': 0.9722}, 'action': 'hold', 'grew': False, 'gray': [], 'dream_log_len': 17}
[round 176] {'round': 176, 'utc': '2026-10-09T13:24:18.553313+00:00', 'grid': 5, 'd_h': 729, 'dream_dose': 2277, 'probes': {'residual': 19.8322, 'sigma': 0.1362, 'alpha': 0.5043, 'coverage': 0.9722}, 'action': 'hold', 'grew': False, 'gray': [], 'dream_log_len': 17}
[round 177] {'round': 177, 'utc': '2026-10-09T13:24:28.374465+00:00', 'grid': 5, 'd_h': 729, 'dream_dose': 2277, 'probes': {'residual': 20.3535, 'sigma': 0.1598, 'alpha': 0.4313, 'coverage': 0.9722}, 'action': 'hold', 'grew': False, 'gray': [], 'dream_log_len': 17}
[round 178] {'round': 178, 'utc': '2026-10-09T13:24:38.288782+00:00', 'grid': 5, 'd_h': 729, 'dream_dose': 2277, 'probes': {'residual': 21.9926, 'sigma': 0.1126, 'alpha': 0.6783, 'coverage': 0.9722}, 'action': 'hold', 'grew': False, 'gray': [], 'dream_log_len': 17}
[round 179] {'round': 179, 'utc': '2026-10-09T13:24:48.270980+00:00', 'grid': 5, 'd_h': 729, 'dream_dose': 2277, 'probes': {'residual': 19.3037, 'sigma': 0.1201, 'alpha': 0.5622, 'coverage': 0.9722}, 'action': 'hold', 'grew': False, 'gray': [], 'dream_log_len': 17}
[round 180] {'round': 180, 'utc': '2026-10-09T13:24:58.114181+00:00', 'grid': 5, 'd_h': 729, 'dream_dose': 2277, 'probes': {'residual': 20.5335, 'sigma': 0.1268, 'alpha': 0.5525, 'coverage': 0.9722}, 'action': 'hold', 'grew': False, 'gray': [], 'dream_log_len': 17}
[round 181] {'round': 181, 'utc': '2026-10-09T13:25:08.046736+00:00', 'grid': 5, 'd_h': 729, 'dream_dose': 2277, 'probes': {'residual': 19.8546, 'sigma': 0.1322, 'alpha': 0.549, 'coverage': 0.9722}, 'action': 'hold', 'grew': False, 'gray': [], 'dream_log_len': 17}
[round 182] {'round': 182, 'utc': '2026-10-09T13:25:18.110237+00:00', 'grid': 5, 'd_h': 729, 'dream_dose': 2277, 'probes': {'residual': 20.7634, 'sigma': 0.1362, 'alpha': 0.6074, 'coverage': 0.9722}, 'action': 'hold', 'grew': False, 'gray': [], 'dream_log_len': 17}
[round 183] {'round': 183, 'utc': '2026-10-09T13:25:28.638969+00:00', 'grid': 5, 'd_h': 729, 'dream_dose': 2277, 'probes': {'residual': 32.3127, 'sigma': 0.58, 'alpha': 0.2184, 'coverage': 0.9722}, 'action': 'hold', 'grew': False, 'gray': [], 'dream_log_len': 17}
[round 184] {'round': 184, 'utc': '2026-10-09T13:25:39.207375+00:00', 'grid': 5, 'd_h': 729, 'dream_dose': 2277, 'probes': {'residual': 34.0772, 'sigma': 0.2545, 'alpha': 0.4797, 'coverage': 0.9722}, 'action': 'hold', 'grew': False, 'gray': [], 'dream_log_len': 17}
[round 185] {'round': 185, 'utc': '2026-10-09T13:25:49.812206+00:00', 'grid': 5, 'd_h': 729, 'dream_dose': 2277, 'probes': {'residual': 34.0389, 'sigma': 0.2213, 'alpha': 0.4213, 'coverage': 0.9722}, 'action': 'hold', 'grew': False, 'gray': [], 'dream_log_len': 17}
[round 186] {'round': 186, 'utc': '2026-10-09T13:26:00.537784+00:00', 'grid': 5, 'd_h': 729, 'dream_dose': 2277, 'probes': {'residual': 31.0083, 'sigma': 0.2019, 'alpha': 0.4603, 'coverage': 0.9722}, 'action': 'hold', 'grew': False, 'gray': [], 'dream_log_len': 17}
[round 187] {'round': 187, 'utc': '2026-10-09T13:26:11.315465+00:00', 'grid': 5, 'd_h': 729, 'dream_dose': 2277, 'probes': {'residual': 29.8064, 'sigma': 0.2949, 'alpha': 0.1287, 'coverage': 0.9722}, 'action': 'hold', 'grew': False, 'gray': [], 'dream_log_len': 17}
[round 188] {'round': 188, 'utc': '2026-10-09T13:26:22.242412+00:00', 'grid': 5, 'd_h': 729, 'dream_dose': 2277, 'probes': {'residual': 30.2547, 'sigma': 0.2435, 'alpha': 0.0026, 'coverage': 0.9722}, 'action': 'hold', 'grew': False, 'gray': [], 'dream_log_len': 17}
[round 189] {'round': 189, 'utc': '2026-10-09T13:26:33.312050+00:00', 'grid': 5, 'd_h': 729, 'dream_dose': 2277, 'probes': {'residual': 30.1811, 'sigma': 0.302, 'alpha': 0.0001, 'coverage': 0.9722}, 'action': 'hold', 'grew': False, 'gray': [], 'dream_log_len': 17}
[round 190] {'round': 190, 'utc': '2026-10-09T13:26:44.358186+00:00', 'grid': 5, 'd_h': 729, 'dream_dose': 2277, 'probes': {'residual': 30.5459, 'sigma': 0.1755, 'alpha': 0.0011, 'coverage': 0.9722}, 'action': 'hold', 'grew': False, 'gray': [], 'dream_log_len': 17}
[round 191] {'round': 191, 'utc': '2026-10-09T13:26:55.329265+00:00', 'grid': 5, 'd_h': 729, 'dream_dose': 2277, 'probes': {'residual': 29.5353, 'sigma': 0.2786, 'alpha': 0.0028, 'coverage': 0.9722}, 'action': 'hold', 'grew': False, 'gray': [], 'dream_log_len': 17}
[round 192] {'round': 192, 'utc': '2026-10-09T13:27:06.302376+00:00', 'grid': 5, 'd_h': 729, 'dream_dose': 2277, 'probes': {'residual': 29.4766, 'sigma': 0.1897, 'alpha': 0.0024, 'coverage': 0.9722}, 'action': 'hold', 'grew': False, 'gray': [], 'dream_log_len': 17}
[round 193] {'round': 193, 'utc': '2026-10-09T13:27:17.200991+00:00', 'grid': 5, 'd_h': 729, 'dream_dose': 2277, 'probes': {'residual': 30.1396, 'sigma': 0.1997, 'alpha': 0.0048, 'coverage': 0.9722}, 'action': 'hold', 'grew': False, 'gray': [], 'dream_log_len': 17}
[round 194] {'round': 194, 'utc': '2026-10-09T13:27:27.889046+00:00', 'grid': 5, 'd_h': 729, 'dream_dose': 2277, 'probes': {'residual': 26.1459, 'sigma': 0.1783, 'alpha': 0.2958, 'coverage': 0.9722}, 'action': 'hold', 'grew': False, 'gray': [], 'dream_log_len': 17}
[round 195] {'round': 195, 'utc': '2026-10-09T13:27:38.340181+00:00', 'grid': 5, 'd_h': 729, 'dream_dose': 2277, 'probes': {'residual': 31.6643, 'sigma': 0.1949, 'alpha': 0.51, 'coverage': 0.9722}, 'action': 'hold', 'grew': False, 'gray': [], 'dream_log_len': 17}
[round 196] {'round': 196, 'utc': '2026-10-09T13:27:48.869525+00:00', 'grid': 5, 'd_h': 729, 'dream_dose': 2277, 'probes': {'residual': 27.3148, 'sigma': 0.1622, 'alpha': 0.4829, 'coverage': 0.9722}, 'action': 'hold', 'grew': False, 'gray': [], 'dream_log_len': 17}
[round 197] {'round': 197, 'utc': '2026-10-09T13:27:59.450319+00:00', 'grid': 5, 'd_h': 729, 'dream_dose': 2277, 'probes': {'residual': 32.3862, 'sigma': 0.1679, 'alpha': 0.4287, 'coverage': 0.9722}, 'action': 'hold', 'grew': False, 'gray': [], 'dream_log_len': 17}
[round 198] {'round': 198, 'utc': '2026-10-09T13:28:08.872631+00:00', 'grid': 5, 'd_h': 729, 'dream_dose': 2277, 'probes': {'residual': 108.1409, 'sigma': 9.566308310561966e+19, 'alpha': 1.0, 'coverage': 0.9722}, 'action': 'hold', 'grew': False, 'gray': [], 'dream_log_len': 17}
[round 199] {'round': 199, 'utc': '2026-10-09T13:28:18.004479+00:00', 'grid': 5, 'd_h': 729, 'dream_dose': 2277, 'probes': {'residual': 95.1057, 'sigma': 32761873706636.51, 'alpha': 1.0, 'coverage': 0.9722}, 'action': 'hold', 'grew': False, 'gray': [], 'dream_log_len': 17}
[round 200] {'round': 200, 'utc': '2026-10-09T13:28:27.090757+00:00', 'grid': 5, 'd_h': 729, 'dream_dose': 2277, 'probes': {'residual': 87.7985, 'sigma': 92018541.3917, 'alpha': 1.0, 'coverage': 0.9722}, 'action': 'hold', 'grew': False, 'gray': [], 'dream_log_len': 17}
[round 201] {'round': 201, 'utc': '2026-10-09T13:28:36.762571+00:00', 'grid': 5, 'd_h': 729, 'dream_dose': 2277, 'probes': {'residual': 79.6989, 'sigma': 83312.6745, 'alpha': 0.7399, 'coverage': 0.9722}, 'action': 'hold', 'grew': False, 'gray': [], 'dream_log_len': 17}
[round 202] {'round': 202, 'utc': '2026-10-09T13:28:45.986684+00:00', 'grid': 5, 'd_h': 729, 'dream_dose': 2277, 'probes': {'residual': 93.9435, 'sigma': 42989.4017, 'alpha': 1.0, 'coverage': 0.9722}, 'action': 'hold', 'grew': False, 'gray': [], 'dream_log_len': 17}
[round 203] {'round': 203, 'utc': '2026-10-09T13:28:55.045124+00:00', 'grid': 5, 'd_h': 729, 'dream_dose': 2277, 'probes': {'residual': 83.1975, 'sigma': 48855526285.8397, 'alpha': 1.0, 'coverage': 0.9722}, 'action': 'hold', 'grew': False, 'gray': [], 'dream_log_len': 17}
[round 204] {'round': 204, 'utc': '2026-10-09T13:29:04.307985+00:00', 'grid': 5, 'd_h': 1024, 'dream_dose': 3415, 'probes': {'residual': 74.5701, 'sigma': 1.7933, 'alpha': 0.888, 'coverage': 0.9722}, 'action': 'hold +GROW→d_h1024', 'grew': True, 'gray': [], 'dream_log_len': 17}
[round 205] {'round': 205, 'utc': '2026-10-09T13:29:19.707251+00:00', 'grid': 5, 'd_h': 1024, 'dream_dose': 3415, 'probes': {'residual': 72.137, 'sigma': 664954030.6812, 'alpha': 0.9687, 'coverage': 0.9722}, 'action': 'hold', 'grew': False, 'gray': [], 'dream_log_len': 23}
[round 206] {'round': 206, 'utc': '2026-10-09T13:29:35.787565+00:00', 'grid': 5, 'd_h': 1024, 'dream_dose': 3415, 'probes': {'residual': 56.2823, 'sigma': 1648432.97, 'alpha': 0.638, 'coverage': 0.9722}, 'action': 'hold', 'grew': False, 'gray': [], 'dream_log_len': 23}
[round 207] {'round': 207, 'utc': '2026-10-09T13:29:52.770437+00:00', 'grid': 5, 'd_h': 1024, 'dream_dose': 3415, 'probes': {'residual': 42.8622, 'sigma': 683.6959, 'alpha': 0.38, 'coverage': 0.9722}, 'action': 'hold', 'grew': False, 'gray': [], 'dream_log_len': 23}
[round 208] {'round': 208, 'utc': '2026-10-09T13:30:10.436729+00:00', 'grid': 5, 'd_h': 1024, 'dream_dose': 3415, 'probes': {'residual': 36.5026, 'sigma': 0.8144, 'alpha': 0.2843, 'coverage': 0.9722}, 'action': 'hold', 'grew': False, 'gray': [], 'dream_log_len': 23}
[round 209] {'round': 209, 'utc': '2026-10-09T13:30:27.865495+00:00', 'grid': 5, 'd_h': 1024, 'dream_dose': 3415, 'probes': {'residual': 31.7743, 'sigma': 0.184, 'alpha': 0.1307, 'coverage': 0.9722}, 'action': 'hold', 'grew': False, 'gray': [], 'dream_log_len': 23}
[round 210] {'round': 210, 'utc': '2026-10-09T13:30:44.997744+00:00', 'grid': 5, 'd_h': 1024, 'dream_dose': 3415, 'probes': {'residual': 30.9204, 'sigma': 0.1467, 'alpha': 0.0806, 'coverage': 0.9722}, 'action': 'hold', 'grew': False, 'gray': [], 'dream_log_len': 23}
[round 211] {'round': 211, 'utc': '2026-10-09T13:31:02.085902+00:00', 'grid': 5, 'd_h': 1024, 'dream_dose': 3415, 'probes': {'residual': 29.9697, 'sigma': 0.1685, 'alpha': 0.0501, 'coverage': 0.9722}, 'action': 'hold', 'grew': False, 'gray': [], 'dream_log_len': 23}
[round 212] {'round': 212, 'utc': '2026-10-09T13:31:19.094534+00:00', 'grid': 5, 'd_h': 1024, 'dream_dose': 3415, 'probes': {'residual': 29.0156, 'sigma': 0.099, 'alpha': 0.0874, 'coverage': 0.9722}, 'action': 'hold', 'grew': False, 'gray': [], 'dream_log_len': 23}
[round 213] {'round': 213, 'utc': '2026-10-09T13:31:35.783919+00:00', 'grid': 5, 'd_h': 1024, 'dream_dose': 3415, 'probes': {'residual': 29.4826, 'sigma': 0.1523, 'alpha': 0.1001, 'coverage': 0.9722}, 'action': 'hold', 'grew': False, 'gray': [], 'dream_log_len': 23}
[round 214] {'round': 214, 'utc': '2026-10-09T13:31:52.473587+00:00', 'grid': 5, 'd_h': 1024, 'dream_dose': 3415, 'probes': {'residual': 28.8946, 'sigma': 0.2061, 'alpha': 0.0875, 'coverage': 0.9722}, 'action': 'hold', 'grew': False, 'gray': [], 'dream_log_len': 23}
[round 215] {'round': 215, 'utc': '2026-10-09T13:32:09.244768+00:00', 'grid': 5, 'd_h': 1024, 'dream_dose': 3415, 'probes': {'residual': 29.1738, 'sigma': 0.1582, 'alpha': 0.0685, 'coverage': 0.9722}, 'action': 'hold', 'grew': False, 'gray': [], 'dream_log_len': 23}
[round 216] {'round': 216, 'utc': '2026-10-09T13:32:26.697882+00:00', 'grid': 5, 'd_h': 1024, 'dream_dose': 3415, 'probes': {'residual': 33.9065, 'sigma': 0.1626, 'alpha': 0.0552, 'coverage': 0.9722}, 'action': 'hold', 'grew': False, 'gray': [], 'dream_log_len': 23}
[round 217] {'round': 217, 'utc': '2026-10-09T13:32:45.788591+00:00', 'grid': 5, 'd_h': 1024, 'dream_dose': 3415, 'probes': {'residual': 36.9343, 'sigma': 0.1688, 'alpha': 0.0, 'coverage': 0.9722}, 'action': 'hold', 'grew': False, 'gray': [], 'dream_log_len': 23}
[round 218] {'round': 218, 'utc': '2026-10-09T13:33:14.278653+00:00', 'grid': 5, 'd_h': 1024, 'dream_dose': 3415, 'probes': {'residual': 37.215, 'sigma': 0.1577, 'alpha': 0.0, 'coverage': 0.9722}, 'action': 'hold', 'grew': False, 'gray': [], 'dream_log_len': 23}
[round 219] {'round': 219, 'utc': '2026-10-09T13:33:40.072269+00:00', 'grid': 5, 'd_h': 1024, 'dream_dose': 3415, 'probes': {'residual': 37.1558, 'sigma': 0.121, 'alpha': 0.0, 'coverage': 0.9722}, 'action': 'hold', 'grew': False, 'gray': [], 'dream_log_len': 23}
[round 220] {'round': 220, 'utc': '2026-10-09T13:34:05.883550+00:00', 'grid': 5, 'd_h': 1024, 'dream_dose': 3415, 'probes': {'residual': 37.4251, 'sigma': 0.1915, 'alpha': 0.0, 'coverage': 0.9722}, 'action': 'hold', 'grew': False, 'gray': [], 'dream_log_len': 23}
[round 221] {'round': 221, 'utc': '2026-10-09T13:34:33.478226+00:00', 'grid': 5, 'd_h': 1024, 'dream_dose': 3415, 'probes': {'residual': 37.1786, 'sigma': 0.1772, 'alpha': 0.0, 'coverage': 0.9722}, 'action': 'hold', 'grew': False, 'gray': [], 'dream_log_len': 23}
[round 222] {'round': 222, 'utc': '2026-10-09T13:35:01.282726+00:00', 'grid': 5, 'd_h': 1024, 'dream_dose': 3415, 'probes': {'residual': 37.2239, 'sigma': 0.2233, 'alpha': 0.0, 'coverage': 0.9722}, 'action': 'hold', 'grew': False, 'gray': [], 'dream_log_len': 23}
[round 223] {'round': 223, 'utc': '2026-10-09T13:35:29.922251+00:00', 'grid': 5, 'd_h': 1024, 'dream_dose': 3415, 'probes': {'residual': 36.9138, 'sigma': 0.1655, 'alpha': 0.0, 'coverage': 0.9722}, 'action': 'hold', 'grew': False, 'gray': [], 'dream_log_len': 23}
[round 224] {'round': 224, 'utc': '2026-10-09T13:36:00.618443+00:00', 'grid': 5, 'd_h': 1024, 'dream_dose': 3415, 'probes': {'residual': 37.2676, 'sigma': 0.1704, 'alpha': 0.0, 'coverage': 0.9722}, 'action': 'hold', 'grew': False, 'gray': [], 'dream_log_len': 23}
[round 225] {'round': 225, 'utc': '2026-10-09T13:36:33.994762+00:00', 'grid': 5, 'd_h': 1024, 'dream_dose': 3415, 'probes': {'residual': 38.0493, 'sigma': 0.1811, 'alpha': 0.0, 'coverage': 0.9722}, 'action': 'hold', 'grew': False, 'gray': [], 'dream_log_len': 23}
[round 226] {'round': 226, 'utc': '2026-10-09T13:37:07.620172+00:00', 'grid': 5, 'd_h': 1024, 'dream_dose': 3415, 'probes': {'residual': 37.9487, 'sigma': 0.2603, 'alpha': 0.0, 'coverage': 0.9722}, 'action': 'hold', 'grew': False, 'gray': [], 'dream_log_len': 23}
[round 227] {'round': 227, 'utc': '2026-10-09T13:37:41.242239+00:00', 'grid': 5, 'd_h': 1024, 'dream_dose': 3415, 'probes': {'residual': 38.8445, 'sigma': 0.1721, 'alpha': 0.0, 'coverage': 0.9722}, 'action': 'hold', 'grew': False, 'gray': [], 'dream_log_len': 23}
[round 228] {'round': 228, 'utc': '2026-10-09T13:38:13.591148+00:00', 'grid': 5, 'd_h': 1024, 'dream_dose': 3415, 'probes': {'residual': 37.7909, 'sigma': 0.259, 'alpha': 0.0, 'coverage': 0.9722}, 'action': 'hold', 'grew': False, 'gray': [], 'dream_log_len': 23}
[round 229] {'round': 229, 'utc': '2026-10-09T13:38:43.491108+00:00', 'grid': 5, 'd_h': 1024, 'dream_dose': 3415, 'probes': {'residual': 37.4386, 'sigma': 0.2175, 'alpha': 0.0, 'coverage': 0.9722}, 'action': 'hold', 'grew': False, 'gray': [], 'dream_log_len': 23}
[round 230] {'round': 230, 'utc': '2026-10-09T13:39:15.679195+00:00', 'grid': 5, 'd_h': 1024, 'dream_dose': 3415, 'probes': {'residual': 37.4927, 'sigma': 0.2348, 'alpha': 0.0, 'coverage': 0.9722}, 'action': 'hold', 'grew': False, 'gray': [], 'dream_log_len': 23}
[round 231] {'round': 231, 'utc': '2026-10-09T13:39:50.337928+00:00', 'grid': 5, 'd_h': 1024, 'dream_dose': 3415, 'probes': {'residual': 37.0113, 'sigma': 0.2746, 'alpha': 0.0, 'coverage': 0.9722}, 'action': 'hold', 'grew': False, 'gray': [], 'dream_log_len': 23}
[round 232] {'round': 232, 'utc': '2026-10-09T13:40:24.790814+00:00', 'grid': 5, 'd_h': 1024, 'dream_dose': 3415, 'probes': {'residual': 36.8649, 'sigma': 0.3327, 'alpha': 0.0, 'coverage': 0.9722}, 'action': 'hold', 'grew': False, 'gray': [], 'dream_log_len': 23}
[round 233] {'round': 233, 'utc': '2026-10-09T13:40:57.213415+00:00', 'grid': 5, 'd_h': 1024, 'dream_dose': 3415, 'probes': {'residual': 37.0998, 'sigma': 0.3075, 'alpha': 0.0, 'coverage': 0.9722}, 'action': 'hold', 'grew': False, 'gray': [], 'dream_log_len': 23}
[round 234] {'round': 234, 'utc': '2026-10-09T13:41:29.794690+00:00', 'grid': 5, 'd_h': 1024, 'dream_dose': 3415, 'probes': {'residual': 37.9384, 'sigma': 0.296, 'alpha': 0.0, 'coverage': 0.9722}, 'action': 'hold', 'grew': False, 'gray': [], 'dream_log_len': 23}
[round 235] {'round': 235, 'utc': '2026-10-09T13:42:04.191230+00:00', 'grid': 5, 'd_h': 1024, 'dream_dose': 3415, 'probes': {'residual': 38.3326, 'sigma': 0.3016, 'alpha': 0.0, 'coverage': 0.9722}, 'action': 'hold', 'grew': False, 'gray': [], 'dream_log_len': 23}
[round 236] {'round': 236, 'utc': '2026-10-09T13:42:38.693646+00:00', 'grid': 5, 'd_h': 1024, 'dream_dose': 3415, 'probes': {'residual': 37.1756, 'sigma': 0.475, 'alpha': 0.0, 'coverage': 0.9722}, 'action': 'hold', 'grew': False, 'gray': [], 'dream_log_len': 23}
[round 237] {'round': 237, 'utc': '2026-10-09T13:43:10.456275+00:00', 'grid': 5, 'd_h': 1024, 'dream_dose': 3415, 'probes': {'residual': 37.8523, 'sigma': 0.3004, 'alpha': 0.0, 'coverage': 0.9722}, 'action': 'hold', 'grew': False, 'gray': [], 'dream_log_len': 23}
[round 238] {'round': 238, 'utc': '2026-10-09T13:43:39.879800+00:00', 'grid': 5, 'd_h': 1024, 'dream_dose': 3415, 'probes': {'residual': 37.9118, 'sigma': 0.294, 'alpha': 0.0, 'coverage': 0.9722}, 'action': 'hold', 'grew': False, 'gray': [], 'dream_log_len': 23}
[round 239] {'round': 239, 'utc': '2026-10-09T13:44:11.663281+00:00', 'grid': 5, 'd_h': 1024, 'dream_dose': 3415, 'probes': {'residual': 38.1444, 'sigma': 0.3281, 'alpha': 0.0, 'coverage': 0.9722}, 'action': 'hold', 'grew': False, 'gray': [], 'dream_log_len': 23}
[round 240] {'round': 240, 'utc': '2026-10-09T13:44:43.980234+00:00', 'grid': 5, 'd_h': 1024, 'dream_dose': 3415, 'probes': {'residual': 37.3094, 'sigma': 0.3023, 'alpha': 0.0, 'coverage': 0.9722}, 'action': 'hold', 'grew': False, 'gray': [], 'dream_log_len': 23}
[round 241] {'round': 241, 'utc': '2026-10-09T13:45:17.180662+00:00', 'grid': 5, 'd_h': 1024, 'dream_dose': 3415, 'probes': {'residual': 38.418, 'sigma': 0.3823, 'alpha': 0.0, 'coverage': 0.9722}, 'action': 'hold', 'grew': False, 'gray': [], 'dream_log_len': 23}
[round 242] {'round': 242, 'utc': '2026-10-09T13:45:49.891809+00:00', 'grid': 5, 'd_h': 1024, 'dream_dose': 3415, 'probes': {'residual': 38.6255, 'sigma': 0.288, 'alpha': 0.0, 'coverage': 0.9722}, 'action': 'hold', 'grew': False, 'gray': [], 'dream_log_len': 23}
[round 243] {'round': 243, 'utc': '2026-10-09T13:46:22.793562+00:00', 'grid': 5, 'd_h': 1024, 'dream_dose': 3415, 'probes': {'residual': 38.7384, 'sigma': 0.4135, 'alpha': 0.0, 'coverage': 0.9722}, 'action': 'hold', 'grew': False, 'gray': [], 'dream_log_len': 23}
[round 244] {'round': 244, 'utc': '2026-10-09T13:46:57.899339+00:00', 'grid': 5, 'd_h': 1024, 'dream_dose': 3415, 'probes': {'residual': 39.3904, 'sigma': 0.473, 'alpha': 0.0, 'coverage': 0.9722}, 'action': 'hold', 'grew': False, 'gray': [], 'dream_log_len': 23}
[round 245] {'round': 245, 'utc': '2026-10-09T13:47:34.096556+00:00', 'grid': 5, 'd_h': 1024, 'dream_dose': 3415, 'probes': {'residual': 39.5735, 'sigma': 0.3326, 'alpha': 0.0, 'coverage': 0.9722}, 'action': 'hold', 'grew': False, 'gray': [], 'dream_log_len': 23}
[round 246] {'round': 246, 'utc': '2026-10-09T13:48:11.243102+00:00', 'grid': 5, 'd_h': 1024, 'dream_dose': 3415, 'probes': {'residual': 38.8424, 'sigma': 0.3085, 'alpha': 0.0, 'coverage': 0.9722}, 'action': 'hold', 'grew': False, 'gray': [], 'dream_log_len': 23}
[round 247] {'round': 247, 'utc': '2026-10-09T13:48:46.533630+00:00', 'grid': 5, 'd_h': 1024, 'dream_dose': 3415, 'probes': {'residual': 38.5664, 'sigma': 0.1748, 'alpha': 0.0, 'coverage': 0.9722}, 'action': 'hold', 'grew': False, 'gray': [], 'dream_log_len': 23}
[round 248] {'round': 248, 'utc': '2026-10-09T13:49:22.873702+00:00', 'grid': 5, 'd_h': 1024, 'dream_dose': 3415, 'probes': {'residual': 38.066, 'sigma': 0.1573, 'alpha': 0.0, 'coverage': 0.9722}, 'action': 'hold', 'grew': False, 'gray': [], 'dream_log_len': 23}
[round 249] {'round': 249, 'utc': '2026-10-09T13:49:59.303733+00:00', 'grid': 5, 'd_h': 1024, 'dream_dose': 3415, 'probes': {'residual': 38.4702, 'sigma': 0.1974, 'alpha': 0.0, 'coverage': 0.9722}, 'action': 'hold', 'grew': False, 'gray': [], 'dream_log_len': 23}
[round 250] {'round': 250, 'utc': '2026-10-09T13:50:36.389930+00:00', 'grid': 5, 'd_h': 1024, 'dream_dose': 3415, 'probes': {'residual': 37.6715, 'sigma': 0.2192, 'alpha': 0.0, 'coverage': 0.9722}, 'action': 'hold', 'grew': False, 'gray': [], 'dream_log_len': 23}
[round 251] {'round': 251, 'utc': '2026-10-09T13:51:08.741729+00:00', 'grid': 5, 'd_h': 1024, 'dream_dose': 3415, 'probes': {'residual': 37.7169, 'sigma': 0.2953, 'alpha': 0.0, 'coverage': 0.9722}, 'action': 'hold', 'grew': False, 'gray': [], 'dream_log_len': 23}
[round 252] {'round': 252, 'utc': '2026-10-09T13:51:43.024913+00:00', 'grid': 5, 'd_h': 1024, 'dream_dose': 3415, 'probes': {'residual': 38.9543, 'sigma': 0.2626, 'alpha': 0.0, 'coverage': 0.9722}, 'action': 'hold', 'grew': False, 'gray': [], 'dream_log_len': 23}
[round 253] {'round': 253, 'utc': '2026-10-09T13:52:16.336504+00:00', 'grid': 5, 'd_h': 1024, 'dream_dose': 3415, 'probes': {'residual': 38.8994, 'sigma': 0.4991, 'alpha': 0.0, 'coverage': 0.9722}, 'action': 'hold', 'grew': False, 'gray': [], 'dream_log_len': 23}
[round 254] {'round': 254, 'utc': '2026-10-09T13:52:51.437426+00:00', 'grid': 5, 'd_h': 1024, 'dream_dose': 3415, 'probes': {'residual': 39.1645, 'sigma': 0.5937, 'alpha': 0.0, 'coverage': 0.9722}, 'action': 'hold', 'grew': False, 'gray': [], 'dream_log_len': 23}
[round 255] {'round': 255, 'utc': '2026-10-09T13:53:27.227372+00:00', 'grid': 5, 'd_h': 1024, 'dream_dose': 3415, 'probes': {'residual': 38.6499, 'sigma': 0.564, 'alpha': 0.0, 'coverage': 0.9722}, 'action': 'hold', 'grew': False, 'gray': [], 'dream_log_len': 23}
[round 256] {'round': 256, 'utc': '2026-10-09T13:54:01.378225+00:00', 'grid': 5, 'd_h': 1024, 'dream_dose': 3415, 'probes': {'residual': 37.9596, 'sigma': 0.3797, 'alpha': 0.0, 'coverage': 0.9722}, 'action': 'hold', 'grew': False, 'gray': [], 'dream_log_len': 23}
[round 257] {'round': 257, 'utc': '2026-10-09T13:54:35.165292+00:00', 'grid': 5, 'd_h': 1024, 'dream_dose': 3415, 'probes': {'residual': 37.9765, 'sigma': 0.3565, 'alpha': 0.0, 'coverage': 0.9722}, 'action': 'hold', 'grew': False, 'gray': [], 'dream_log_len': 23}
[round 258] {'round': 258, 'utc': '2026-10-09T13:55:07.418247+00:00', 'grid': 5, 'd_h': 1024, 'dream_dose': 3415, 'probes': {'residual': 37.5123, 'sigma': 0.2805, 'alpha': 0.0, 'coverage': 0.9722}, 'action': 'hold', 'grew': False, 'gray': [], 'dream_log_len': 23}
[round 259] {'round': 259, 'utc': '2026-10-09T13:55:41.674081+00:00', 'grid': 5, 'd_h': 1024, 'dream_dose': 3415, 'probes': {'residual': 39.1483, 'sigma': 0.2358, 'alpha': 0.0, 'coverage': 0.9722}, 'action': 'hold', 'grew': False, 'gray': [], 'dream_log_len': 23}
[round 260] {'round': 260, 'utc': '2026-10-09T13:56:16.302647+00:00', 'grid': 5, 'd_h': 1024, 'dream_dose': 3415, 'probes': {'residual': 39.3239, 'sigma': 0.3056, 'alpha': 0.0, 'coverage': 0.9722}, 'action': 'hold', 'grew': False, 'gray': [], 'dream_log_len': 23}
[round 261] {'round': 261, 'utc': '2026-10-09T13:56:50.477343+00:00', 'grid': 5, 'd_h': 1024, 'dream_dose': 3415, 'probes': {'residual': 37.9463, 'sigma': 0.5324, 'alpha': 0.0, 'coverage': 0.9722}, 'action': 'hold', 'grew': False, 'gray': [], 'dream_log_len': 23}
[round 262] {'round': 262, 'utc': '2026-10-09T13:57:25.320693+00:00', 'grid': 5, 'd_h': 1024, 'dream_dose': 3415, 'probes': {'residual': 39.2943, 'sigma': 0.342, 'alpha': 0.0, 'coverage': 0.9722}, 'action': 'hold', 'grew': False, 'gray': [], 'dream_log_len': 23}
[round 263] {'round': 263, 'utc': '2026-10-09T13:58:00.125429+00:00', 'grid': 5, 'd_h': 1024, 'dream_dose': 3415, 'probes': {'residual': 40.1217, 'sigma': 0.4491, 'alpha': 0.0, 'coverage': 0.9722}, 'action': 'hold', 'grew': False, 'gray': [], 'dream_log_len': 23}
[round 264] {'round': 264, 'utc': '2026-10-09T13:58:32.218246+00:00', 'grid': 5, 'd_h': 1024, 'dream_dose': 3415, 'probes': {'residual': 39.2647, 'sigma': 0.3664, 'alpha': 0.0, 'coverage': 0.9722}, 'action': 'hold', 'grew': False, 'gray': [], 'dream_log_len': 23}
[round 265] {'round': 265, 'utc': '2026-10-09T13:59:06.325356+00:00', 'grid': 5, 'd_h': 1024, 'dream_dose': 3415, 'probes': {'residual': 38.363, 'sigma': 0.5155, 'alpha': 0.0, 'coverage': 0.9722}, 'action': 'hold', 'grew': False, 'gray': [], 'dream_log_len': 23}
[round 266] {'round': 266, 'utc': '2026-10-09T13:59:39.441744+00:00', 'grid': 5, 'd_h': 1024, 'dream_dose': 3415, 'probes': {'residual': 37.9663, 'sigma': 0.5934, 'alpha': 0.0, 'coverage': 0.9722}, 'action': 'hold', 'grew': False, 'gray': [], 'dream_log_len': 23}
[round 267] {'round': 267, 'utc': '2026-10-09T14:00:12.254144+00:00', 'grid': 5, 'd_h': 1024, 'dream_dose': 3415, 'probes': {'residual': 38.2887, 'sigma': 0.5555, 'alpha': 0.0, 'coverage': 0.9722}, 'action': 'hold', 'grew': False, 'gray': [], 'dream_log_len': 23}
[round 268] {'round': 268, 'utc': '2026-10-09T14:00:45.675186+00:00', 'grid': 5, 'd_h': 1024, 'dream_dose': 3415, 'probes': {'residual': 37.7537, 'sigma': 0.3753, 'alpha': 0.0, 'coverage': 0.9722}, 'action': 'hold', 'grew': False, 'gray': [], 'dream_log_len': 23}
[round 269] {'round': 269, 'utc': '2026-10-09T14:01:19.156995+00:00', 'grid': 5, 'd_h': 1024, 'dream_dose': 3415, 'probes': {'residual': 38.4046, 'sigma': 0.2484, 'alpha': 0.0, 'coverage': 0.9722}, 'action': 'hold', 'grew': False, 'gray': [], 'dream_log_len': 23}
[round 270] {'round': 270, 'utc': '2026-10-09T14:01:50.832033+00:00', 'grid': 5, 'd_h': 1024, 'dream_dose': 3415, 'probes': {'residual': 38.5586, 'sigma': 0.2786, 'alpha': 0.0, 'coverage': 0.9722}, 'action': 'hold', 'grew': False, 'gray': [], 'dream_log_len': 23}
[round 271] {'round': 271, 'utc': '2026-10-09T14:02:22.692429+00:00', 'grid': 5, 'd_h': 1024, 'dream_dose': 3415, 'probes': {'residual': 37.5662, 'sigma': 0.2788, 'alpha': 0.0, 'coverage': 0.9722}, 'action': 'hold', 'grew': False, 'gray': [], 'dream_log_len': 23}
[round 272] {'round': 272, 'utc': '2026-10-09T14:02:56.253310+00:00', 'grid': 5, 'd_h': 1024, 'dream_dose': 3415, 'probes': {'residual': 39.7215, 'sigma': 0.3573, 'alpha': 0.0, 'coverage': 0.9722}, 'action': 'hold', 'grew': False, 'gray': [], 'dream_log_len': 23}
[round 273] {'round': 273, 'utc': '2026-10-09T14:03:30.370138+00:00', 'grid': 5, 'd_h': 1024, 'dream_dose': 3415, 'probes': {'residual': 39.0786, 'sigma': 0.2865, 'alpha': 0.0, 'coverage': 0.9722}, 'action': 'hold', 'grew': False, 'gray': [], 'dream_log_len': 23}
[round 274] {'round': 274, 'utc': '2026-10-09T14:04:03.729249+00:00', 'grid': 5, 'd_h': 1024, 'dream_dose': 3415, 'probes': {'residual': 38.9782, 'sigma': 0.49, 'alpha': 0.0, 'coverage': 0.9722}, 'action': 'hold', 'grew': False, 'gray': [], 'dream_log_len': 23}
[round 275] {'round': 275, 'utc': '2026-10-09T14:04:38.133749+00:00', 'grid': 5, 'd_h': 1024, 'dream_dose': 3415, 'probes': {'residual': 38.7896, 'sigma': 0.5133, 'alpha': 0.0, 'coverage': 0.9722}, 'action': 'hold', 'grew': False, 'gray': [], 'dream_log_len': 23}
[round 276] {'round': 276, 'utc': '2026-10-09T14:05:11.369354+00:00', 'grid': 5, 'd_h': 1024, 'dream_dose': 3415, 'probes': {'residual': 38.9462, 'sigma': 0.5983, 'alpha': 0.0, 'coverage': 0.9722}, 'action': 'hold', 'grew': False, 'gray': [], 'dream_log_len': 23}
[round 277] {'round': 277, 'utc': '2026-10-09T14:05:44.894924+00:00', 'grid': 5, 'd_h': 1024, 'dream_dose': 3415, 'probes': {'residual': 39.295, 'sigma': 0.8073, 'alpha': 0.0, 'coverage': 0.9722}, 'action': 'hold', 'grew': False, 'gray': [], 'dream_log_len': 23}
[round 278] {'round': 278, 'utc': '2026-10-09T14:06:17.886384+00:00', 'grid': 5, 'd_h': 1024, 'dream_dose': 3415, 'probes': {'residual': 40.3904, 'sigma': 0.7667, 'alpha': 0.0, 'coverage': 0.9722}, 'action': 'hold', 'grew': False, 'gray': [], 'dream_log_len': 23}
[round 279] {'round': 279, 'utc': '2026-10-09T14:06:49.577100+00:00', 'grid': 5, 'd_h': 1024, 'dream_dose': 3415, 'probes': {'residual': 41.6212, 'sigma': 0.8184, 'alpha': 0.0, 'coverage': 0.9722}, 'action': 'hold', 'grew': False, 'gray': [], 'dream_log_len': 23}
[round 280] {'round': 280, 'utc': '2026-10-09T14:07:22.214491+00:00', 'grid': 5, 'd_h': 1024, 'dream_dose': 3415, 'probes': {'residual': 40.6536, 'sigma': 0.7712, 'alpha': 0.0, 'coverage': 0.9722}, 'action': 'hold', 'grew': False, 'gray': [], 'dream_log_len': 23}
[round 281] {'round': 281, 'utc': '2026-10-09T14:07:56.412662+00:00', 'grid': 5, 'd_h': 1024, 'dream_dose': 3415, 'probes': {'residual': 39.843, 'sigma': 1.4053, 'alpha': 0.0, 'coverage': 0.9722}, 'action': 'hold', 'grew': False, 'gray': [], 'dream_log_len': 23}
[round 282] {'round': 282, 'utc': '2026-10-09T14:08:29.963897+00:00', 'grid': 5, 'd_h': 1024, 'dream_dose': 3415, 'probes': {'residual': 40.6794, 'sigma': 0.7596, 'alpha': 0.0, 'coverage': 0.9722}, 'action': 'hold', 'grew': False, 'gray': [], 'dream_log_len': 23}
[round 283] {'round': 283, 'utc': '2026-10-09T14:09:03.362860+00:00', 'grid': 5, 'd_h': 1024, 'dream_dose': 3415, 'probes': {'residual': 38.7546, 'sigma': 0.4853, 'alpha': 0.0, 'coverage': 0.9722}, 'action': 'hold', 'grew': False, 'gray': [], 'dream_log_len': 23}
[round 284] {'round': 284, 'utc': '2026-10-09T14:09:36.066408+00:00', 'grid': 5, 'd_h': 1024, 'dream_dose': 3415, 'probes': {'residual': 38.5388, 'sigma': 0.3012, 'alpha': 0.0, 'coverage': 0.9722}, 'action': 'hold', 'grew': False, 'gray': [], 'dream_log_len': 23}
[round 285] {'round': 285, 'utc': '2026-10-09T14:10:09.113634+00:00', 'grid': 5, 'd_h': 1024, 'dream_dose': 3415, 'probes': {'residual': 38.1269, 'sigma': 0.3785, 'alpha': 0.0, 'coverage': 0.9722}, 'action': 'hold', 'grew': False, 'gray': [], 'dream_log_len': 23}
[round 286] {'round': 286, 'utc': '2026-10-09T14:10:42.393868+00:00', 'grid': 5, 'd_h': 1024, 'dream_dose': 3415, 'probes': {'residual': 38.7876, 'sigma': 0.2676, 'alpha': 0.0, 'coverage': 0.9722}, 'action': 'hold', 'grew': False, 'gray': [], 'dream_log_len': 23}
[round 287] {'round': 287, 'utc': '2026-10-09T14:11:14.059620+00:00', 'grid': 5, 'd_h': 1024, 'dream_dose': 3415, 'probes': {'residual': 37.6443, 'sigma': 0.666, 'alpha': 0.0, 'coverage': 0.9722}, 'action': 'hold', 'grew': False, 'gray': [], 'dream_log_len': 23}
[round 288] {'round': 288, 'utc': '2026-10-09T14:11:46.037314+00:00', 'grid': 5, 'd_h': 1024, 'dream_dose': 3415, 'probes': {'residual': 38.7174, 'sigma': 1.4191, 'alpha': 0.0, 'coverage': 0.9722}, 'action': 'hold', 'grew': False, 'gray': [], 'dream_log_len': 23}
[round 289] {'round': 289, 'utc': '2026-10-09T14:12:19.160401+00:00', 'grid': 5, 'd_h': 1024, 'dream_dose': 3415, 'probes': {'residual': 39.4371, 'sigma': 0.5771, 'alpha': 0.0, 'coverage': 0.9722}, 'action': 'hold', 'grew': False, 'gray': [], 'dream_log_len': 23}
[round 290] {'round': 290, 'utc': '2026-10-09T14:12:52.794153+00:00', 'grid': 5, 'd_h': 1024, 'dream_dose': 3415, 'probes': {'residual': 39.2837, 'sigma': 0.8633, 'alpha': 0.0, 'coverage': 0.9722}, 'action': 'hold', 'grew': False, 'gray': [], 'dream_log_len': 23}
[round 291] {'round': 291, 'utc': '2026-10-09T14:13:26.901657+00:00', 'grid': 5, 'd_h': 1024, 'dream_dose': 3415, 'probes': {'residual': 38.3615, 'sigma': 1.4869, 'alpha': 0.0, 'coverage': 0.9722}, 'action': 'hold', 'grew': False, 'gray': [], 'dream_log_len': 23}
[round 292] {'round': 292, 'utc': '2026-10-09T14:14:01.211968+00:00', 'grid': 5, 'd_h': 1024, 'dream_dose': 3415, 'probes': {'residual': 38.8382, 'sigma': 1.372, 'alpha': 0.0, 'coverage': 0.9722}, 'action': 'hold', 'grew': False, 'gray': [], 'dream_log_len': 23}
[round 293] {'round': 293, 'utc': '2026-10-09T14:14:34.828619+00:00', 'grid': 5, 'd_h': 1024, 'dream_dose': 3415, 'probes': {'residual': 39.7071, 'sigma': 0.8887, 'alpha': 0.0, 'coverage': 0.9722}, 'action': 'hold', 'grew': False, 'gray': [], 'dream_log_len': 23}
[round 294] {'round': 294, 'utc': '2026-10-09T14:15:08.214538+00:00', 'grid': 5, 'd_h': 1024, 'dream_dose': 3415, 'probes': {'residual': 38.4901, 'sigma': 1.9736, 'alpha': 0.0, 'coverage': 0.9722}, 'action': 'hold', 'grew': False, 'gray': [], 'dream_log_len': 23}
[round 295] {'round': 295, 'utc': '2026-10-09T14:15:41.568388+00:00', 'grid': 5, 'd_h': 1024, 'dream_dose': 3415, 'probes': {'residual': 39.6147, 'sigma': 0.7547, 'alpha': 0.0, 'coverage': 0.9722}, 'action': 'hold', 'grew': False, 'gray': [], 'dream_log_len': 23}
[round 296] {'round': 296, 'utc': '2026-10-09T14:16:14.931211+00:00', 'grid': 5, 'd_h': 1024, 'dream_dose': 3415, 'probes': {'residual': 38.1857, 'sigma': 0.3787, 'alpha': 0.0, 'coverage': 0.9722}, 'action': 'hold', 'grew': False, 'gray': [], 'dream_log_len': 23}
[round 297] {'round': 297, 'utc': '2026-10-09T14:16:47.252033+00:00', 'grid': 5, 'd_h': 1024, 'dream_dose': 3415, 'probes': {'residual': 39.0293, 'sigma': 0.3173, 'alpha': 0.0, 'coverage': 0.9722}, 'action': 'hold', 'grew': False, 'gray': [], 'dream_log_len': 23}
[round 298] {'round': 298, 'utc': '2026-10-09T14:17:20.726164+00:00', 'grid': 5, 'd_h': 1024, 'dream_dose': 3415, 'probes': {'residual': 38.6128, 'sigma': 0.3013, 'alpha': 0.0, 'coverage': 0.9722}, 'action': 'hold', 'grew': False, 'gray': [], 'dream_log_len': 23}
[round 299] {'round': 299, 'utc': '2026-10-09T14:17:54.847680+00:00', 'grid': 5, 'd_h': 1024, 'dream_dose': 3415, 'probes': {'residual': 38.8882, 'sigma': 0.2387, 'alpha': 0.0, 'coverage': 0.9722}, 'action': 'hold', 'grew': False, 'gray': [], 'dream_log_len': 23}
[round 300] {'round': 300, 'utc': '2026-10-09T14:18:28.491494+00:00', 'grid': 5, 'd_h': 1024, 'dream_dose': 3415, 'probes': {'residual': 38.6513, 'sigma': 0.1818, 'alpha': 0.0, 'coverage': 0.9722}, 'action': 'hold', 'grew': False, 'gray': [], 'dream_log_len': 23}
[round 301] {'round': 301, 'utc': '2026-10-09T14:19:02.730606+00:00', 'grid': 5, 'd_h': 1024, 'dream_dose': 3415, 'probes': {'residual': 38.8485, 'sigma': 0.2182, 'alpha': 0.0, 'coverage': 0.9722}, 'action': 'hold', 'grew': False, 'gray': [], 'dream_log_len': 23}
[round 302] {'round': 302, 'utc': '2026-10-09T14:19:35.744757+00:00', 'grid': 5, 'd_h': 1024, 'dream_dose': 3415, 'probes': {'residual': 37.5787, 'sigma': 0.6445, 'alpha': 0.0, 'coverage': 0.9722}, 'action': 'hold', 'grew': False, 'gray': [], 'dream_log_len': 23}
[round 303] {'round': 303, 'utc': '2026-10-09T14:20:10.172976+00:00', 'grid': 5, 'd_h': 1024, 'dream_dose': 3415, 'probes': {'residual': 38.4493, 'sigma': 0.454, 'alpha': 0.0, 'coverage': 0.9722}, 'action': 'hold', 'grew': False, 'gray': [], 'dream_log_len': 23}
[round 304] {'round': 304, 'utc': '2026-10-09T14:20:44.695262+00:00', 'grid': 5, 'd_h': 1024, 'dream_dose': 3415, 'probes': {'residual': 38.176, 'sigma': 1.2732, 'alpha': 0.0, 'coverage': 0.9722}, 'action': 'hold', 'grew': False, 'gray': [], 'dream_log_len': 23}
[round 305] {'round': 305, 'utc': '2026-10-09T14:21:17.265213+00:00', 'grid': 5, 'd_h': 1024, 'dream_dose': 3415, 'probes': {'residual': 37.8277, 'sigma': 1.0414, 'alpha': 0.0, 'coverage': 0.9722}, 'action': 'hold', 'grew': False, 'gray': [], 'dream_log_len': 23}
[round 306] {'round': 306, 'utc': '2026-10-09T14:21:49.775142+00:00', 'grid': 5, 'd_h': 1024, 'dream_dose': 3415, 'probes': {'residual': 42.0766, 'sigma': 0.425, 'alpha': 0.0, 'coverage': 0.9722}, 'action': 'hold', 'grew': False, 'gray': [], 'dream_log_len': 23}
[round 307] {'round': 307, 'utc': '2026-10-09T14:22:22.936667+00:00', 'grid': 5, 'd_h': 1024, 'dream_dose': 3415, 'probes': {'residual': 40.0809, 'sigma': 0.3344, 'alpha': 0.0, 'coverage': 0.9722}, 'action': 'hold', 'grew': False, 'gray': [], 'dream_log_len': 23}
[round 308] {'round': 308, 'utc': '2026-10-09T14:22:55.871666+00:00', 'grid': 5, 'd_h': 1024, 'dream_dose': 3415, 'probes': {'residual': 37.4417, 'sigma': 0.8764, 'alpha': 0.0, 'coverage': 0.9722}, 'action': 'hold', 'grew': False, 'gray': [], 'dream_log_len': 23}
[round 309] {'round': 309, 'utc': '2026-10-09T14:23:29.312386+00:00', 'grid': 5, 'd_h': 1024, 'dream_dose': 3415, 'probes': {'residual': 38.4926, 'sigma': 0.7039, 'alpha': 0.0, 'coverage': 0.9722}, 'action': 'hold', 'grew': False, 'gray': [], 'dream_log_len': 23}
[round 310] {'round': 310, 'utc': '2026-10-09T14:24:01.633920+00:00', 'grid': 5, 'd_h': 1024, 'dream_dose': 3415, 'probes': {'residual': 38.4035, 'sigma': 1.6551, 'alpha': 0.0, 'coverage': 0.9722}, 'action': 'hold', 'grew': False, 'gray': [], 'dream_log_len': 23}
[round 311] {'round': 311, 'utc': '2026-10-09T14:24:35.146764+00:00', 'grid': 5, 'd_h': 1024, 'dream_dose': 3415, 'probes': {'residual': 39.2286, 'sigma': 1.8508, 'alpha': 0.0, 'coverage': 0.9722}, 'action': 'hold', 'grew': False, 'gray': [], 'dream_log_len': 23}
[round 312] {'round': 312, 'utc': '2026-10-09T14:25:07.800879+00:00', 'grid': 5, 'd_h': 1024, 'dream_dose': 3415, 'probes': {'residual': 39.4799, 'sigma': 1.9053, 'alpha': 0.0, 'coverage': 0.9722}, 'action': 'hold', 'grew': False, 'gray': [], 'dream_log_len': 23}
[round 313] {'round': 313, 'utc': '2026-10-09T14:25:41.233591+00:00', 'grid': 5, 'd_h': 1024, 'dream_dose': 3415, 'probes': {'residual': 41.1819, 'sigma': 2.0484, 'alpha': 0.0, 'coverage': 0.9722}, 'action': 'hold', 'grew': False, 'gray': [], 'dream_log_len': 23}
[round 314] {'round': 314, 'utc': '2026-10-09T14:26:13.442415+00:00', 'grid': 5, 'd_h': 1024, 'dream_dose': 3415, 'probes': {'residual': 40.0804, 'sigma': 1.6628, 'alpha': 0.0, 'coverage': 0.9722}, 'action': 'hold', 'grew': False, 'gray': [], 'dream_log_len': 23}
[round 315] {'round': 315, 'utc': '2026-10-09T14:26:46.492708+00:00', 'grid': 5, 'd_h': 1024, 'dream_dose': 3415, 'probes': {'residual': 39.9529, 'sigma': 0.595, 'alpha': 0.0, 'coverage': 0.9722}, 'action': 'hold', 'grew': False, 'gray': [], 'dream_log_len': 23}
[round 316] {'round': 316, 'utc': '2026-10-09T14:27:19.498555+00:00', 'grid': 5, 'd_h': 1024, 'dream_dose': 3415, 'probes': {'residual': 39.8404, 'sigma': 0.3939, 'alpha': 0.0, 'coverage': 0.9722}, 'action': 'hold', 'grew': False, 'gray': [], 'dream_log_len': 23}
[round 317] {'round': 317, 'utc': '2026-10-09T14:27:52.000208+00:00', 'grid': 5, 'd_h': 1024, 'dream_dose': 3415, 'probes': {'residual': 39.851, 'sigma': 0.2873, 'alpha': 0.0, 'coverage': 0.9722}, 'action': 'hold', 'grew': False, 'gray': [], 'dream_log_len': 23}
[round 318] {'round': 318, 'utc': '2026-10-09T14:28:24.905218+00:00', 'grid': 5, 'd_h': 1024, 'dream_dose': 3415, 'probes': {'residual': 39.1857, 'sigma': 0.5468, 'alpha': 0.0, 'coverage': 0.9722}, 'action': 'hold', 'grew': False, 'gray': [], 'dream_log_len': 23}
[round 319] {'round': 319, 'utc': '2026-10-09T14:28:56.731576+00:00', 'grid': 5, 'd_h': 1024, 'dream_dose': 3415, 'probes': {'residual': 42.2379, 'sigma': 0.5277, 'alpha': 0.0, 'coverage': 0.9722}, 'action': 'hold', 'grew': False, 'gray': [], 'dream_log_len': 23}
[round 320] {'round': 320, 'utc': '2026-10-09T14:29:26.892637+00:00', 'grid': 5, 'd_h': 1024, 'dream_dose': 3415, 'probes': {'residual': 39.7466, 'sigma': 0.5089, 'alpha': 0.0, 'coverage': 0.9722}, 'action': 'hold', 'grew': False, 'gray': [], 'dream_log_len': 23}
[round 321] {'round': 321, 'utc': '2026-10-09T14:29:59.322606+00:00', 'grid': 5, 'd_h': 1024, 'dream_dose': 3415, 'probes': {'residual': 39.7487, 'sigma': 0.9786, 'alpha': 0.0, 'coverage': 0.9722}, 'action': 'hold', 'grew': False, 'gray': [], 'dream_log_len': 23}
[round 322] {'round': 322, 'utc': '2026-10-09T14:30:30.181812+00:00', 'grid': 5, 'd_h': 1024, 'dream_dose': 3415, 'probes': {'residual': 38.6123, 'sigma': 0.7333, 'alpha': 0.0, 'coverage': 0.9722}, 'action': 'hold', 'grew': False, 'gray': [], 'dream_log_len': 23}
[round 323] {'round': 323, 'utc': '2026-10-09T14:31:02.332622+00:00', 'grid': 5, 'd_h': 1024, 'dream_dose': 3415, 'probes': {'residual': 38.1055, 'sigma': 0.514, 'alpha': 0.0, 'coverage': 0.9722}, 'action': 'hold', 'grew': False, 'gray': [], 'dream_log_len': 23}
[round 324] {'round': 324, 'utc': '2026-10-09T14:31:34.555602+00:00', 'grid': 5, 'd_h': 1024, 'dream_dose': 3415, 'probes': {'residual': 39.2169, 'sigma': 0.3834, 'alpha': 0.0, 'coverage': 0.9722}, 'action': 'hold', 'grew': False, 'gray': [], 'dream_log_len': 23}
[round 325] {'round': 325, 'utc': '2026-10-09T14:32:06.069671+00:00', 'grid': 5, 'd_h': 1024, 'dream_dose': 3415, 'probes': {'residual': 37.8196, 'sigma': 0.4787, 'alpha': 0.0, 'coverage': 0.9722}, 'action': 'hold', 'grew': False, 'gray': [], 'dream_log_len': 23}
[round 326] {'round': 326, 'utc': '2026-10-09T14:32:38.812545+00:00', 'grid': 5, 'd_h': 1024, 'dream_dose': 3415, 'probes': {'residual': 38.1105, 'sigma': 314.4669, 'alpha': 0.0, 'coverage': 0.9722}, 'action': 'hold', 'grew': False, 'gray': [], 'dream_log_len': 23}
[round 327] {'round': 327, 'utc': '2026-10-09T14:33:12.755704+00:00', 'grid': 5, 'd_h': 1024, 'dream_dose': 3415, 'probes': {'residual': 40.2776, 'sigma': 891.6525, 'alpha': 0.0, 'coverage': 0.9722}, 'action': 'hold', 'grew': False, 'gray': [], 'dream_log_len': 23}
[round 328] {'round': 328, 'utc': '2026-10-09T14:33:46.375642+00:00', 'grid': 5, 'd_h': 1024, 'dream_dose': 3415, 'probes': {'residual': 38.2406, 'sigma': 265.5951, 'alpha': 0.0, 'coverage': 0.9722}, 'action': 'hold', 'grew': False, 'gray': [], 'dream_log_len': 23}
[round 329] {'round': 329, 'utc': '2026-10-09T14:34:20.210084+00:00', 'grid': 5, 'd_h': 1024, 'dream_dose': 3415, 'probes': {'residual': 39.6654, 'sigma': 129.7758, 'alpha': 0.0, 'coverage': 0.9722}, 'action': 'hold', 'grew': False, 'gray': [], 'dream_log_len': 23}
[round 330] {'round': 330, 'utc': '2026-10-09T14:34:52.400941+00:00', 'grid': 5, 'd_h': 1024, 'dream_dose': 3415, 'probes': {'residual': 39.6074, 'sigma': 102.4325, 'alpha': 0.0, 'coverage': 0.9722}, 'action': 'hold', 'grew': False, 'gray': [], 'dream_log_len': 23}
[round 331] {'round': 331, 'utc': '2026-10-09T14:35:24.849666+00:00', 'grid': 5, 'd_h': 1024, 'dream_dose': 3415, 'probes': {'residual': 38.8755, 'sigma': 0.6373, 'alpha': 0.0, 'coverage': 0.9722}, 'action': 'hold', 'grew': False, 'gray': [], 'dream_log_len': 23}
[round 332] {'round': 332, 'utc': '2026-10-09T14:35:57.350596+00:00', 'grid': 5, 'd_h': 1024, 'dream_dose': 3415, 'probes': {'residual': 39.2186, 'sigma': 0.2778, 'alpha': 0.0, 'coverage': 0.9722}, 'action': 'hold', 'grew': False, 'gray': [], 'dream_log_len': 23}
[round 333] {'round': 333, 'utc': '2026-10-09T14:36:30.826673+00:00', 'grid': 5, 'd_h': 1024, 'dream_dose': 3415, 'probes': {'residual': 39.3497, 'sigma': 0.2162, 'alpha': 0.0, 'coverage': 0.9722}, 'action': 'hold', 'grew': False, 'gray': [], 'dream_log_len': 23}
[round 334] {'round': 334, 'utc': '2026-10-09T14:37:03.586657+00:00', 'grid': 5, 'd_h': 1024, 'dream_dose': 3415, 'probes': {'residual': 39.4341, 'sigma': 0.2249, 'alpha': 0.0, 'coverage': 0.9722}, 'action': 'hold', 'grew': False, 'gray': [], 'dream_log_len': 23}
[round 335] {'round': 335, 'utc': '2026-10-09T14:37:33.821503+00:00', 'grid': 5, 'd_h': 1024, 'dream_dose': 3415, 'probes': {'residual': 38.3967, 'sigma': 0.2412, 'alpha': 0.0, 'coverage': 0.9722}, 'action': 'hold', 'grew': False, 'gray': [], 'dream_log_len': 23}
[round 336] {'round': 336, 'utc': '2026-10-09T14:38:05.565538+00:00', 'grid': 5, 'd_h': 1024, 'dream_dose': 3415, 'probes': {'residual': 39.709, 'sigma': 0.2125, 'alpha': 0.0, 'coverage': 0.9722}, 'action': 'hold', 'grew': False, 'gray': [], 'dream_log_len': 23}
[round 337] {'round': 337, 'utc': '2026-10-09T14:38:35.469405+00:00', 'grid': 5, 'd_h': 1024, 'dream_dose': 3415, 'probes': {'residual': 40.9409, 'sigma': 0.2862, 'alpha': 0.0, 'coverage': 0.9722}, 'action': 'hold', 'grew': False, 'gray': [], 'dream_log_len': 23}
[round 338] {'round': 338, 'utc': '2026-10-09T14:39:04.307752+00:00', 'grid': 5, 'd_h': 1024, 'dream_dose': 3415, 'probes': {'residual': 39.0421, 'sigma': 0.1179, 'alpha': 0.0, 'coverage': 0.9722}, 'action': 'hold', 'grew': False, 'gray': [], 'dream_log_len': 23}
[round 339] {'round': 339, 'utc': '2026-10-09T14:39:34.383030+00:00', 'grid': 5, 'd_h': 1024, 'dream_dose': 3415, 'probes': {'residual': 39.5092, 'sigma': 0.2806, 'alpha': 0.0, 'coverage': 0.9722}, 'action': 'hold', 'grew': False, 'gray': [], 'dream_log_len': 23}
[round 340] {'round': 340, 'utc': '2026-10-09T14:40:04.899263+00:00', 'grid': 5, 'd_h': 1024, 'dream_dose': 3415, 'probes': {'residual': 41.6381, 'sigma': 0.614, 'alpha': 0.0, 'coverage': 0.9722}, 'action': 'hold', 'grew': False, 'gray': [], 'dream_log_len': 23}
[round 341] {'round': 341, 'utc': '2026-10-09T14:40:34.921517+00:00', 'grid': 5, 'd_h': 1024, 'dream_dose': 3415, 'probes': {'residual': 40.1672, 'sigma': 1.4008, 'alpha': 0.0, 'coverage': 0.9722}, 'action': 'hold', 'grew': False, 'gray': [], 'dream_log_len': 23}
[round 342] {'round': 342, 'utc': '2026-10-09T14:41:05.667408+00:00', 'grid': 5, 'd_h': 1024, 'dream_dose': 3415, 'probes': {'residual': 39.6276, 'sigma': 1.0315, 'alpha': 0.0, 'coverage': 0.9722}, 'action': 'hold', 'grew': False, 'gray': [], 'dream_log_len': 23}
[round 343] {'round': 343, 'utc': '2026-10-09T14:41:35.622427+00:00', 'grid': 5, 'd_h': 1024, 'dream_dose': 3415, 'probes': {'residual': 41.9387, 'sigma': 0.6637, 'alpha': 0.0, 'coverage': 0.9722}, 'action': 'hold', 'grew': False, 'gray': [], 'dream_log_len': 23}
[round 344] {'round': 344, 'utc': '2026-10-09T14:42:07.009229+00:00', 'grid': 5, 'd_h': 1024, 'dream_dose': 3415, 'probes': {'residual': 39.2245, 'sigma': 0.4725, 'alpha': 0.0, 'coverage': 0.9722}, 'action': 'hold', 'grew': False, 'gray': [], 'dream_log_len': 23}
[round 345] {'round': 345, 'utc': '2026-10-09T14:42:37.385901+00:00', 'grid': 5, 'd_h': 1024, 'dream_dose': 3415, 'probes': {'residual': 40.5281, 'sigma': 0.3, 'alpha': 0.0, 'coverage': 0.9722}, 'action': 'hold', 'grew': False, 'gray': [], 'dream_log_len': 23}
[round 346] {'round': 346, 'utc': '2026-10-09T14:43:08.005430+00:00', 'grid': 5, 'd_h': 1024, 'dream_dose': 3415, 'probes': {'residual': 39.8205, 'sigma': 0.4523, 'alpha': 0.0, 'coverage': 0.9722}, 'action': 'hold', 'grew': False, 'gray': [], 'dream_log_len': 23}
[round 347] {'round': 347, 'utc': '2026-10-09T14:43:38.973800+00:00', 'grid': 5, 'd_h': 1024, 'dream_dose': 3415, 'probes': {'residual': 37.8724, 'sigma': 0.7584, 'alpha': 0.0, 'coverage': 0.9722}, 'action': 'hold', 'grew': False, 'gray': [], 'dream_log_len': 23}
[round 348] {'round': 348, 'utc': '2026-10-09T14:44:09.176773+00:00', 'grid': 5, 'd_h': 1024, 'dream_dose': 3415, 'probes': {'residual': 41.0076, 'sigma': 0.3724, 'alpha': 0.0, 'coverage': 0.9722}, 'action': 'hold', 'grew': False, 'gray': [], 'dream_log_len': 23}
[round 349] {'round': 349, 'utc': '2026-10-09T14:44:39.680254+00:00', 'grid': 5, 'd_h': 1024, 'dream_dose': 3415, 'probes': {'residual': 38.3504, 'sigma': 0.4913, 'alpha': 0.0, 'coverage': 0.9722}, 'action': 'hold', 'grew': False, 'gray': [], 'dream_log_len': 23}
[round 350] {'round': 350, 'utc': '2026-10-09T14:45:11.775815+00:00', 'grid': 5, 'd_h': 1024, 'dream_dose': 3415, 'probes': {'residual': 37.8871, 'sigma': 1.5567, 'alpha': 0.0, 'coverage': 0.9722}, 'action': 'hold', 'grew': False, 'gray': [], 'dream_log_len': 23}
[round 351] {'round': 351, 'utc': '2026-10-09T14:45:40.490215+00:00', 'grid': 5, 'd_h': 1024, 'dream_dose': 3415, 'probes': {'residual': 40.4534, 'sigma': 0.7968, 'alpha': 0.0, 'coverage': 0.9722}, 'action': 'hold', 'grew': False, 'gray': [], 'dream_log_len': 23}
[round 352] {'round': 352, 'utc': '2026-10-09T14:46:06.548615+00:00', 'grid': 5, 'd_h': 1024, 'dream_dose': 3415, 'probes': {'residual': 39.0497, 'sigma': 0.6213, 'alpha': 0.0, 'coverage': 0.9722}, 'action': 'hold', 'grew': False, 'gray': [], 'dream_log_len': 23}
[round 353] {'round': 353, 'utc': '2026-10-09T14:46:32.104256+00:00', 'grid': 5, 'd_h': 1024, 'dream_dose': 3415, 'probes': {'residual': 38.2982, 'sigma': 0.7088, 'alpha': 0.0, 'coverage': 0.9722}, 'action': 'hold', 'grew': False, 'gray': [], 'dream_log_len': 23}
[round 354] {'round': 354, 'utc': '2026-10-09T14:46:58.374225+00:00', 'grid': 5, 'd_h': 1024, 'dream_dose': 3415, 'probes': {'residual': 37.3966, 'sigma': 0.5508, 'alpha': 0.0, 'coverage': 0.9722}, 'action': 'hold', 'grew': False, 'gray': [], 'dream_log_len': 23}
[round 355] {'round': 355, 'utc': '2026-10-09T14:47:27.329580+00:00', 'grid': 5, 'd_h': 1024, 'dream_dose': 3415, 'probes': {'residual': 37.4398, 'sigma': 0.2793, 'alpha': 0.0, 'coverage': 0.9722}, 'action': 'hold', 'grew': False, 'gray': [], 'dream_log_len': 23}
[round 356] {'round': 356, 'utc': '2026-10-09T14:47:59.070518+00:00', 'grid': 5, 'd_h': 1024, 'dream_dose': 3415, 'probes': {'residual': 39.4423, 'sigma': 0.5061, 'alpha': 0.0, 'coverage': 0.9722}, 'action': 'hold', 'grew': False, 'gray': [], 'dream_log_len': 23}
[round 357] {'round': 357, 'utc': '2026-10-09T14:48:28.971630+00:00', 'grid': 5, 'd_h': 1024, 'dream_dose': 3415, 'probes': {'residual': 38.6941, 'sigma': 0.8251, 'alpha': 0.0, 'coverage': 0.9722}, 'action': 'hold', 'grew': False, 'gray': [], 'dream_log_len': 23}
[round 358] {'round': 358, 'utc': '2026-10-09T14:48:57.435626+00:00', 'grid': 5, 'd_h': 1024, 'dream_dose': 3415, 'probes': {'residual': 38.0662, 'sigma': 1.048, 'alpha': 0.0, 'coverage': 0.9722}, 'action': 'hold', 'grew': False, 'gray': [], 'dream_log_len': 23}
[round 359] {'round': 359, 'utc': '2026-10-09T14:49:27.636271+00:00', 'grid': 5, 'd_h': 1024, 'dream_dose': 3415, 'probes': {'residual': 38.766, 'sigma': 4.9107, 'alpha': 0.0, 'coverage': 0.9722}, 'action': 'hold', 'grew': False, 'gray': [], 'dream_log_len': 23}
[round 360] {'round': 360, 'utc': '2026-10-09T14:49:58.718356+00:00', 'grid': 5, 'd_h': 1024, 'dream_dose': 3415, 'probes': {'residual': 38.5755, 'sigma': 0.7, 'alpha': 0.0, 'coverage': 0.9722}, 'action': 'hold', 'grew': False, 'gray': [], 'dream_log_len': 23}
[round 361] {'round': 361, 'utc': '2026-10-09T14:50:28.442731+00:00', 'grid': 5, 'd_h': 1024, 'dream_dose': 3415, 'probes': {'residual': 38.5352, 'sigma': 0.7007, 'alpha': 0.0, 'coverage': 0.9722}, 'action': 'hold', 'grew': False, 'gray': [], 'dream_log_len': 23}
[round 362] {'round': 362, 'utc': '2026-10-09T14:50:58.491741+00:00', 'grid': 5, 'd_h': 1024, 'dream_dose': 3415, 'probes': {'residual': 37.2152, 'sigma': 0.7705, 'alpha': 0.0, 'coverage': 0.9722}, 'action': 'hold', 'grew': False, 'gray': [], 'dream_log_len': 23}
[round 363] {'round': 363, 'utc': '2026-10-09T14:51:29.488614+00:00', 'grid': 5, 'd_h': 1024, 'dream_dose': 3415, 'probes': {'residual': 40.2059, 'sigma': 0.6229, 'alpha': 0.0, 'coverage': 0.9722}, 'action': 'hold', 'grew': False, 'gray': [], 'dream_log_len': 23}
[round 364] {'round': 364, 'utc': '2026-10-09T14:52:00.314820+00:00', 'grid': 5, 'd_h': 1024, 'dream_dose': 3415, 'probes': {'residual': 38.5378, 'sigma': 0.6719, 'alpha': 0.0, 'coverage': 0.9722}, 'action': 'hold', 'grew': False, 'gray': [], 'dream_log_len': 23}
[round 365] {'round': 365, 'utc': '2026-10-09T14:52:31.185545+00:00', 'grid': 5, 'd_h': 1024, 'dream_dose': 3415, 'probes': {'residual': 38.6086, 'sigma': 1.3684, 'alpha': 0.0, 'coverage': 0.9722}, 'action': 'hold', 'grew': False, 'gray': [], 'dream_log_len': 23}
[round 366] {'round': 366, 'utc': '2026-10-09T14:53:03.772441+00:00', 'grid': 5, 'd_h': 1024, 'dream_dose': 3415, 'probes': {'residual': 37.6334, 'sigma': 1.4845, 'alpha': 0.0, 'coverage': 0.9722}, 'action': 'hold', 'grew': False, 'gray': [], 'dream_log_len': 23}
[round 367] {'round': 367, 'utc': '2026-10-09T14:53:37.385601+00:00', 'grid': 5, 'd_h': 1024, 'dream_dose': 3415, 'probes': {'residual': 37.1333, 'sigma': 1232.3743, 'alpha': 0.0, 'coverage': 0.9722}, 'action': 'hold', 'grew': False, 'gray': [], 'dream_log_len': 23}
[round 368] {'round': 368, 'utc': '2026-10-09T14:54:08.527266+00:00', 'grid': 5, 'd_h': 1024, 'dream_dose': 3415, 'probes': {'residual': 37.9197, 'sigma': 148.5826, 'alpha': 0.0, 'coverage': 0.9722}, 'action': 'hold', 'grew': False, 'gray': [], 'dream_log_len': 23}
[round 369] {'round': 369, 'utc': '2026-10-09T14:54:40.148251+00:00', 'grid': 5, 'd_h': 1024, 'dream_dose': 3415, 'probes': {'residual': 41.4156, 'sigma': 234.423, 'alpha': 0.0, 'coverage': 0.9722}, 'action': 'hold', 'grew': False, 'gray': [], 'dream_log_len': 23}
[round 370] {'round': 370, 'utc': '2026-10-09T14:55:11.353521+00:00', 'grid': 5, 'd_h': 1024, 'dream_dose': 3415, 'probes': {'residual': 38.942, 'sigma': 48.8008, 'alpha': 0.0, 'coverage': 0.9722}, 'action': 'hold', 'grew': False, 'gray': [], 'dream_log_len': 23}
[round 371] {'round': 371, 'utc': '2026-10-09T14:55:42.852098+00:00', 'grid': 5, 'd_h': 1024, 'dream_dose': 3415, 'probes': {'residual': 39.3298, 'sigma': 0.2694, 'alpha': 0.0, 'coverage': 0.9722}, 'action': 'hold', 'grew': False, 'gray': [], 'dream_log_len': 23}
[round 372] {'round': 372, 'utc': '2026-10-09T14:56:14.362690+00:00', 'grid': 5, 'd_h': 1024, 'dream_dose': 3415, 'probes': {'residual': 38.3237, 'sigma': 0.2413, 'alpha': 0.0, 'coverage': 0.9722}, 'action': 'hold', 'grew': False, 'gray': [], 'dream_log_len': 23}
[round 373] {'round': 373, 'utc': '2026-10-09T14:56:47.089229+00:00', 'grid': 5, 'd_h': 1024, 'dream_dose': 3415, 'probes': {'residual': 38.5794, 'sigma': 0.1818, 'alpha': 0.0, 'coverage': 0.9722}, 'action': 'hold', 'grew': False, 'gray': [], 'dream_log_len': 23}
[round 374] {'round': 374, 'utc': '2026-10-09T14:57:18.778786+00:00', 'grid': 5, 'd_h': 1024, 'dream_dose': 3415, 'probes': {'residual': 36.9591, 'sigma': 0.3471, 'alpha': 0.0, 'coverage': 0.9722}, 'action': 'hold', 'grew': False, 'gray': [], 'dream_log_len': 23}
[round 375] {'round': 375, 'utc': '2026-10-09T14:57:50.673961+00:00', 'grid': 5, 'd_h': 1024, 'dream_dose': 3415, 'probes': {'residual': 37.3984, 'sigma': 0.9926, 'alpha': 0.0, 'coverage': 0.9722}, 'action': 'hold', 'grew': False, 'gray': [], 'dream_log_len': 23}
[round 376] {'round': 376, 'utc': '2026-10-09T14:58:21.437931+00:00', 'grid': 5, 'd_h': 1024, 'dream_dose': 3415, 'probes': {'residual': 38.3251, 'sigma': 1.0388, 'alpha': 0.0, 'coverage': 0.9722}, 'action': 'hold', 'grew': False, 'gray': [], 'dream_log_len': 23}
[round 377] {'round': 377, 'utc': '2026-10-09T14:58:52.326179+00:00', 'grid': 5, 'd_h': 1024, 'dream_dose': 3415, 'probes': {'residual': 37.8083, 'sigma': 0.8167, 'alpha': 0.0, 'coverage': 0.9722}, 'action': 'hold', 'grew': False, 'gray': [], 'dream_log_len': 23}
[round 378] {'round': 378, 'utc': '2026-10-09T14:59:24.303489+00:00', 'grid': 5, 'd_h': 1024, 'dream_dose': 3415, 'probes': {'residual': 39.2779, 'sigma': 0.5801, 'alpha': 0.0, 'coverage': 0.9722}, 'action': 'hold', 'grew': False, 'gray': [], 'dream_log_len': 23}
[round 379] {'round': 379, 'utc': '2026-10-09T14:59:55.965373+00:00', 'grid': 5, 'd_h': 1024, 'dream_dose': 3415, 'probes': {'residual': 38.1847, 'sigma': 1.1204, 'alpha': 0.0, 'coverage': 0.9722}, 'action': 'hold', 'grew': False, 'gray': [], 'dream_log_len': 23}
[round 380] {'round': 380, 'utc': '2026-10-09T15:00:28.627476+00:00', 'grid': 5, 'd_h': 1024, 'dream_dose': 3415, 'probes': {'residual': 36.5298, 'sigma': 1.0477, 'alpha': 0.0, 'coverage': 0.9722}, 'action': 'hold', 'grew': False, 'gray': [], 'dream_log_len': 23}
[round 381] {'round': 381, 'utc': '2026-10-09T15:01:01.540883+00:00', 'grid': 5, 'd_h': 1024, 'dream_dose': 3415, 'probes': {'residual': 37.6903, 'sigma': 1.3592, 'alpha': 0.0, 'coverage': 0.9722}, 'action': 'hold', 'grew': False, 'gray': [], 'dream_log_len': 23}
[round 382] {'round': 382, 'utc': '2026-10-09T15:01:33.731077+00:00', 'grid': 5, 'd_h': 1024, 'dream_dose': 3415, 'probes': {'residual': 37.5531, 'sigma': 1.2606, 'alpha': 0.0, 'coverage': 0.9722}, 'action': 'hold', 'grew': False, 'gray': [], 'dream_log_len': 23}
[round 383] {'round': 383, 'utc': '2026-10-09T15:02:05.570547+00:00', 'grid': 5, 'd_h': 1024, 'dream_dose': 3415, 'probes': {'residual': 36.8412, 'sigma': 2.577, 'alpha': 0.0, 'coverage': 0.9722}, 'action': 'hold', 'grew': False, 'gray': [], 'dream_log_len': 23}
[round 384] {'round': 384, 'utc': '2026-10-09T15:02:37.484126+00:00', 'grid': 5, 'd_h': 1024, 'dream_dose': 3415, 'probes': {'residual': 41.5131, 'sigma': 0.3023, 'alpha': 0.0, 'coverage': 0.9722}, 'action': 'hold', 'grew': False, 'gray': [], 'dream_log_len': 23}
[round 385] {'round': 385, 'utc': '2026-10-09T15:03:10.007574+00:00', 'grid': 5, 'd_h': 1024, 'dream_dose': 3415, 'probes': {'residual': 39.1484, 'sigma': 0.7991, 'alpha': 0.0, 'coverage': 0.9722}, 'action': 'hold', 'grew': False, 'gray': [], 'dream_log_len': 23}
[round 386] {'round': 386, 'utc': '2026-10-09T15:03:41.546966+00:00', 'grid': 5, 'd_h': 1024, 'dream_dose': 3415, 'probes': {'residual': 37.8606, 'sigma': 0.7885, 'alpha': 0.0, 'coverage': 0.9722}, 'action': 'hold', 'grew': False, 'gray': [], 'dream_log_len': 23}
[round 387] {'round': 387, 'utc': '2026-10-09T15:04:13.093829+00:00', 'grid': 5, 'd_h': 1024, 'dream_dose': 3415, 'probes': {'residual': 37.9872, 'sigma': 1.0818, 'alpha': 0.0, 'coverage': 0.9722}, 'action': 'hold', 'grew': False, 'gray': [], 'dream_log_len': 23}
[round 388] {'round': 388, 'utc': '2026-10-09T15:04:45.601555+00:00', 'grid': 5, 'd_h': 1024, 'dream_dose': 3415, 'probes': {'residual': 37.57, 'sigma': 1.1063, 'alpha': 0.0, 'coverage': 0.9722}, 'action': 'hold', 'grew': False, 'gray': [], 'dream_log_len': 23}
[round 389] {'round': 389, 'utc': '2026-10-09T15:05:17.704206+00:00', 'grid': 5, 'd_h': 1024, 'dream_dose': 3415, 'probes': {'residual': 39.4373, 'sigma': 0.4579, 'alpha': 0.0, 'coverage': 0.9722}, 'action': 'hold', 'grew': False, 'gray': [], 'dream_log_len': 23}
[round 390] {'round': 390, 'utc': '2026-10-09T15:05:50.739981+00:00', 'grid': 5, 'd_h': 1024, 'dream_dose': 3415, 'probes': {'residual': 37.1564, 'sigma': 0.6337, 'alpha': 0.0, 'coverage': 0.9722}, 'action': 'hold', 'grew': False, 'gray': [], 'dream_log_len': 23}
[round 391] {'round': 391, 'utc': '2026-10-09T15:06:23.194129+00:00', 'grid': 5, 'd_h': 1024, 'dream_dose': 3415, 'probes': {'residual': 36.1523, 'sigma': 1.0829, 'alpha': 0.0, 'coverage': 0.9722}, 'action': 'hold', 'grew': False, 'gray': [], 'dream_log_len': 23}
[round 392] {'round': 392, 'utc': '2026-10-09T15:06:55.402667+00:00', 'grid': 5, 'd_h': 1024, 'dream_dose': 3415, 'probes': {'residual': 37.2141, 'sigma': 0.8131, 'alpha': 0.0, 'coverage': 0.9722}, 'action': 'hold', 'grew': False, 'gray': [], 'dream_log_len': 23}
[round 393] {'round': 393, 'utc': '2026-10-09T15:07:26.269678+00:00', 'grid': 5, 'd_h': 1024, 'dream_dose': 3415, 'probes': {'residual': 38.1047, 'sigma': 0.6883, 'alpha': 0.0, 'coverage': 0.9722}, 'action': 'hold', 'grew': False, 'gray': [], 'dream_log_len': 23}
[round 394] {'round': 394, 'utc': '2026-10-09T15:07:57.392554+00:00', 'grid': 5, 'd_h': 1024, 'dream_dose': 3415, 'probes': {'residual': 37.3109, 'sigma': 0.6344, 'alpha': 0.0, 'coverage': 0.9722}, 'action': 'hold', 'grew': False, 'gray': [], 'dream_log_len': 23}
[round 395] {'round': 395, 'utc': '2026-10-09T15:08:29.811644+00:00', 'grid': 5, 'd_h': 1024, 'dream_dose': 3415, 'probes': {'residual': 36.7998, 'sigma': 0.8175, 'alpha': 0.0, 'coverage': 0.9722}, 'action': 'hold', 'grew': False, 'gray': [], 'dream_log_len': 23}
[round 396] {'round': 396, 'utc': '2026-10-09T15:09:02.169830+00:00', 'grid': 5, 'd_h': 1024, 'dream_dose': 3415, 'probes': {'residual': 36.793, 'sigma': 2.6915, 'alpha': 0.0, 'coverage': 0.9722}, 'action': 'hold', 'grew': False, 'gray': [], 'dream_log_len': 23}
[round 397] {'round': 397, 'utc': '2026-10-09T15:09:34.249633+00:00', 'grid': 5, 'd_h': 1024, 'dream_dose': 3415, 'probes': {'residual': 36.4824, 'sigma': 1.6319, 'alpha': 0.0, 'coverage': 0.9722}, 'action': 'hold', 'grew': False, 'gray': [], 'dream_log_len': 23}
[round 398] {'round': 398, 'utc': '2026-10-09T15:10:06.274392+00:00', 'grid': 5, 'd_h': 1024, 'dream_dose': 3415, 'probes': {'residual': 36.4984, 'sigma': 0.339, 'alpha': 0.0, 'coverage': 0.9722}, 'action': 'hold', 'grew': False, 'gray': [], 'dream_log_len': 23}
[round 399] {'round': 399, 'utc': '2026-10-09T15:10:39.141023+00:00', 'grid': 5, 'd_h': 1024, 'dream_dose': 3415, 'probes': {'residual': 37.0885, 'sigma': 0.3472, 'alpha': 0.0, 'coverage': 0.9722}, 'action': 'hold', 'grew': False, 'gray': [], 'dream_log_len': 23}
[round 400] {'round': 400, 'utc': '2026-10-09T15:11:11.085854+00:00', 'grid': 5, 'd_h': 1024, 'dream_dose': 3415, 'probes': {'residual': 36.7627, 'sigma': 0.3097, 'alpha': 0.0, 'coverage': 0.9722}, 'action': 'hold', 'grew': False, 'gray': [], 'dream_log_len': 23}
[round 401] {'round': 401, 'utc': '2026-10-09T15:11:42.520732+00:00', 'grid': 5, 'd_h': 1024, 'dream_dose': 3415, 'probes': {'residual': 39.5487, 'sigma': 0.1476, 'alpha': 0.0, 'coverage': 0.9722}, 'action': 'hold', 'grew': False, 'gray': [], 'dream_log_len': 23}
[round 402] {'round': 402, 'utc': '2026-10-09T15:12:12.576489+00:00', 'grid': 5, 'd_h': 1024, 'dream_dose': 3415, 'probes': {'residual': 39.4436, 'sigma': 0.2096, 'alpha': 0.0, 'coverage': 0.9722}, 'action': 'hold', 'grew': False, 'gray': [], 'dream_log_len': 23}
[round 403] {'round': 403, 'utc': '2026-10-09T15:12:42.543609+00:00', 'grid': 5, 'd_h': 1024, 'dream_dose': 3415, 'probes': {'residual': 38.9448, 'sigma': 0.2081, 'alpha': 0.0, 'coverage': 0.9722}, 'action': 'hold', 'grew': False, 'gray': [], 'dream_log_len': 23}
[round 404] {'round': 404, 'utc': '2026-10-09T15:13:15.103144+00:00', 'grid': 5, 'd_h': 1024, 'dream_dose': 3415, 'probes': {'residual': 39.0282, 'sigma': 0.167, 'alpha': 0.0, 'coverage': 0.9722}, 'action': 'hold', 'grew': False, 'gray': [], 'dream_log_len': 23}
[round 405] {'round': 405, 'utc': '2026-10-09T15:13:46.605986+00:00', 'grid': 5, 'd_h': 1024, 'dream_dose': 3415, 'probes': {'residual': 38.755, 'sigma': 0.1934, 'alpha': 0.0, 'coverage': 0.9722}, 'action': 'hold', 'grew': False, 'gray': [], 'dream_log_len': 23}
[round 406] {'round': 406, 'utc': '2026-10-09T15:14:18.498892+00:00', 'grid': 5, 'd_h': 1024, 'dream_dose': 3415, 'probes': {'residual': 38.1923, 'sigma': 0.136, 'alpha': 0.0, 'coverage': 0.9722}, 'action': 'hold', 'grew': False, 'gray': [], 'dream_log_len': 23}
[round 407] {'round': 407, 'utc': '2026-10-09T15:14:50.273257+00:00', 'grid': 5, 'd_h': 1024, 'dream_dose': 3415, 'probes': {'residual': 38.4271, 'sigma': 0.106, 'alpha': 0.0, 'coverage': 0.9722}, 'action': 'hold', 'grew': False, 'gray': [], 'dream_log_len': 23}
[round 408] {'round': 408, 'utc': '2026-10-09T15:15:22.125098+00:00', 'grid': 5, 'd_h': 1024, 'dream_dose': 3415, 'probes': {'residual': 37.9621, 'sigma': 0.181, 'alpha': 0.0, 'coverage': 0.9722}, 'action': 'hold', 'grew': False, 'gray': [], 'dream_log_len': 23}
[round 409] {'round': 409, 'utc': '2026-10-09T15:15:52.519094+00:00', 'grid': 5, 'd_h': 1024, 'dream_dose': 3415, 'probes': {'residual': 38.9446, 'sigma': 0.2661, 'alpha': 0.0, 'coverage': 0.9722}, 'action': 'hold', 'grew': False, 'gray': [], 'dream_log_len': 23}
[round 410] {'round': 410, 'utc': '2026-10-09T15:16:23.199115+00:00', 'grid': 5, 'd_h': 1024, 'dream_dose': 3415, 'probes': {'residual': 37.4099, 'sigma': 0.3078, 'alpha': 0.0, 'coverage': 0.9722}, 'action': 'hold', 'grew': False, 'gray': [], 'dream_log_len': 23}
[round 411] {'round': 411, 'utc': '2026-10-09T15:16:53.978964+00:00', 'grid': 5, 'd_h': 1024, 'dream_dose': 3415, 'probes': {'residual': 38.0444, 'sigma': 0.3503, 'alpha': 0.0, 'coverage': 0.9722}, 'action': 'hold', 'grew': False, 'gray': [], 'dream_log_len': 23}
[round 412] {'round': 412, 'utc': '2026-10-09T15:17:25.915010+00:00', 'grid': 5, 'd_h': 1024, 'dream_dose': 3415, 'probes': {'residual': 39.0729, 'sigma': 0.26, 'alpha': 0.0, 'coverage': 0.9722}, 'action': 'hold', 'grew': False, 'gray': [], 'dream_log_len': 23}
[round 413] {'round': 413, 'utc': '2026-10-09T15:17:56.606523+00:00', 'grid': 5, 'd_h': 1024, 'dream_dose': 3415, 'probes': {'residual': 37.5395, 'sigma': 0.7797, 'alpha': 0.0, 'coverage': 0.9722}, 'action': 'hold', 'grew': False, 'gray': [], 'dream_log_len': 23}
[round 414] {'round': 414, 'utc': '2026-10-09T15:18:27.347795+00:00', 'grid': 5, 'd_h': 1024, 'dream_dose': 3415, 'probes': {'residual': 37.0545, 'sigma': 0.6944, 'alpha': 0.0, 'coverage': 0.9722}, 'action': 'hold', 'grew': False, 'gray': [], 'dream_log_len': 23}
[round 415] {'round': 415, 'utc': '2026-10-09T15:18:59.969689+00:00', 'grid': 5, 'd_h': 1024, 'dream_dose': 3415, 'probes': {'residual': 37.4425, 'sigma': 0.4248, 'alpha': 0.0, 'coverage': 0.9722}, 'action': 'hold', 'grew': False, 'gray': [], 'dream_log_len': 23}
[round 416] {'round': 416, 'utc': '2026-10-09T15:19:32.426473+00:00', 'grid': 5, 'd_h': 1024, 'dream_dose': 3415, 'probes': {'residual': 37.9013, 'sigma': 0.3473, 'alpha': 0.0, 'coverage': 0.9722}, 'action': 'hold', 'grew': False, 'gray': [], 'dream_log_len': 23}
[round 417] {'round': 417, 'utc': '2026-10-09T15:20:02.466593+00:00', 'grid': 5, 'd_h': 1024, 'dream_dose': 3415, 'probes': {'residual': 38.8986, 'sigma': 0.1898, 'alpha': 0.0, 'coverage': 0.9722}, 'action': 'hold', 'grew': False, 'gray': [], 'dream_log_len': 23}
[round 418] {'round': 418, 'utc': '2026-10-09T15:20:33.208234+00:00', 'grid': 5, 'd_h': 1024, 'dream_dose': 3415, 'probes': {'residual': 38.5333, 'sigma': 0.3049, 'alpha': 0.0, 'coverage': 0.9722}, 'action': 'hold', 'grew': False, 'gray': [], 'dream_log_len': 23}
[round 419] {'round': 419, 'utc': '2026-10-09T15:21:04.593551+00:00', 'grid': 5, 'd_h': 1024, 'dream_dose': 3415, 'probes': {'residual': 38.5937, 'sigma': 0.5192, 'alpha': 0.0, 'coverage': 0.9722}, 'action': 'hold', 'grew': False, 'gray': [], 'dream_log_len': 23}
[round 420] {'round': 420, 'utc': '2026-10-09T15:21:37.399207+00:00', 'grid': 5, 'd_h': 1024, 'dream_dose': 3415, 'probes': {'residual': 36.8491, 'sigma': 0.251, 'alpha': 0.0, 'coverage': 0.9722}, 'action': 'hold', 'grew': False, 'gray': [], 'dream_log_len': 23}
[round 421] {'round': 421, 'utc': '2026-10-09T15:22:09.154459+00:00', 'grid': 5, 'd_h': 1024, 'dream_dose': 3415, 'probes': {'residual': 36.9402, 'sigma': 0.4095, 'alpha': 0.0, 'coverage': 0.9722}, 'action': 'hold', 'grew': False, 'gray': [], 'dream_log_len': 23}
[round 422] {'round': 422, 'utc': '2026-10-09T15:22:40.893018+00:00', 'grid': 5, 'd_h': 1024, 'dream_dose': 3415, 'probes': {'residual': 36.4391, 'sigma': 0.4193, 'alpha': 0.0, 'coverage': 0.9722}, 'action': 'hold', 'grew': False, 'gray': [], 'dream_log_len': 23}
[round 423] {'round': 423, 'utc': '2026-10-09T15:23:14.143269+00:00', 'grid': 5, 'd_h': 1024, 'dream_dose': 3415, 'probes': {'residual': 36.3648, 'sigma': 0.4262, 'alpha': 0.0, 'coverage': 0.9722}, 'action': 'hold', 'grew': False, 'gray': [], 'dream_log_len': 23}
[round 424] {'round': 424, 'utc': '2026-10-09T15:23:45.657777+00:00', 'grid': 5, 'd_h': 1024, 'dream_dose': 3415, 'probes': {'residual': 36.0123, 'sigma': 0.5884, 'alpha': 0.0, 'coverage': 0.9722}, 'action': 'hold', 'grew': False, 'gray': [], 'dream_log_len': 23}
[round 425] {'round': 425, 'utc': '2026-10-09T15:24:17.491434+00:00', 'grid': 5, 'd_h': 1024, 'dream_dose': 3415, 'probes': {'residual': 37.5616, 'sigma': 0.2462, 'alpha': 0.0, 'coverage': 0.9722}, 'action': 'hold', 'grew': False, 'gray': [], 'dream_log_len': 23}
[round 426] {'round': 426, 'utc': '2026-10-09T15:24:49.855754+00:00', 'grid': 5, 'd_h': 1024, 'dream_dose': 3415, 'probes': {'residual': 38.681, 'sigma': 0.168, 'alpha': 0.0, 'coverage': 0.9722}, 'action': 'hold', 'grew': False, 'gray': [], 'dream_log_len': 23}
[round 427] {'round': 427, 'utc': '2026-10-09T15:25:22.769827+00:00', 'grid': 5, 'd_h': 1024, 'dream_dose': 3415, 'probes': {'residual': 36.485, 'sigma': 0.1539, 'alpha': 0.0, 'coverage': 0.9722}, 'action': 'hold', 'grew': False, 'gray': [], 'dream_log_len': 23}
[round 428] {'round': 428, 'utc': '2026-10-09T15:25:54.604594+00:00', 'grid': 5, 'd_h': 1024, 'dream_dose': 3415, 'probes': {'residual': 37.1927, 'sigma': 0.1803, 'alpha': 0.0, 'coverage': 0.9722}, 'action': 'hold', 'grew': False, 'gray': [], 'dream_log_len': 23}
[round 429] {'round': 429, 'utc': '2026-10-09T15:26:25.907133+00:00', 'grid': 5, 'd_h': 1024, 'dream_dose': 3415, 'probes': {'residual': 35.836, 'sigma': 0.2105, 'alpha': 0.0, 'coverage': 0.9722}, 'action': 'hold', 'grew': False, 'gray': [], 'dream_log_len': 23}
[round 430] {'round': 430, 'utc': '2026-10-09T15:26:58.058802+00:00', 'grid': 5, 'd_h': 1024, 'dream_dose': 3415, 'probes': {'residual': 35.5178, 'sigma': 0.5947, 'alpha': 0.0, 'coverage': 0.9722}, 'action': 'hold', 'grew': False, 'gray': [], 'dream_log_len': 23}
[round 431] {'round': 431, 'utc': '2026-10-09T15:27:29.825517+00:00', 'grid': 5, 'd_h': 1024, 'dream_dose': 3415, 'probes': {'residual': 35.2568, 'sigma': 0.6746, 'alpha': 0.0, 'coverage': 0.9722}, 'action': 'hold', 'grew': False, 'gray': [], 'dream_log_len': 23}
[round 432] {'round': 432, 'utc': '2026-10-09T15:28:00.980206+00:00', 'grid': 5, 'd_h': 1024, 'dream_dose': 3415, 'probes': {'residual': 35.1179, 'sigma': 0.4082, 'alpha': 0.0, 'coverage': 0.9722}, 'action': 'hold', 'grew': False, 'gray': [], 'dream_log_len': 23}
[round 433] {'round': 433, 'utc': '2026-10-09T15:28:33.211607+00:00', 'grid': 5, 'd_h': 1024, 'dream_dose': 3415, 'probes': {'residual': 35.1901, 'sigma': 0.5406, 'alpha': 0.0, 'coverage': 0.9722}, 'action': 'hold', 'grew': False, 'gray': [], 'dream_log_len': 23}
[round 434] {'round': 434, 'utc': '2026-10-09T15:29:06.035424+00:00', 'grid': 5, 'd_h': 1024, 'dream_dose': 3415, 'probes': {'residual': 36.6381, 'sigma': 0.4486, 'alpha': 0.0, 'coverage': 0.9722}, 'action': 'hold', 'grew': False, 'gray': [], 'dream_log_len': 23}
[round 435] {'round': 435, 'utc': '2026-10-09T15:29:38.234819+00:00', 'grid': 5, 'd_h': 1024, 'dream_dose': 3415, 'probes': {'residual': 36.1946, 'sigma': 0.4475, 'alpha': 0.0, 'coverage': 0.9722}, 'action': 'hold', 'grew': False, 'gray': [], 'dream_log_len': 23}
[round 436] {'round': 436, 'utc': '2026-10-09T15:30:10.322369+00:00', 'grid': 5, 'd_h': 1024, 'dream_dose': 3415, 'probes': {'residual': 35.3789, 'sigma': 0.4869, 'alpha': 0.0, 'coverage': 0.9722}, 'action': 'hold', 'grew': False, 'gray': [], 'dream_log_len': 23}
[round 437] {'round': 437, 'utc': '2026-10-09T15:30:42.677737+00:00', 'grid': 5, 'd_h': 1024, 'dream_dose': 3415, 'probes': {'residual': 35.9176, 'sigma': 0.5537, 'alpha': 0.0, 'coverage': 0.9722}, 'action': 'hold', 'grew': False, 'gray': [], 'dream_log_len': 23}
[round 438] {'round': 438, 'utc': '2026-10-09T15:31:15.502154+00:00', 'grid': 5, 'd_h': 1024, 'dream_dose': 3415, 'probes': {'residual': 38.0123, 'sigma': 0.2476, 'alpha': 0.0, 'coverage': 0.9722}, 'action': 'hold', 'grew': False, 'gray': [], 'dream_log_len': 23}
[round 439] {'round': 439, 'utc': '2026-10-09T15:31:48.027312+00:00', 'grid': 5, 'd_h': 1024, 'dream_dose': 3415, 'probes': {'residual': 37.4916, 'sigma': 0.3244, 'alpha': 0.0, 'coverage': 0.9722}, 'action': 'hold', 'grew': False, 'gray': [], 'dream_log_len': 23}
[round 440] {'round': 440, 'utc': '2026-10-09T15:32:21.023614+00:00', 'grid': 5, 'd_h': 1024, 'dream_dose': 3415, 'probes': {'residual': 35.8042, 'sigma': 0.5183, 'alpha': 0.0, 'coverage': 0.9722}, 'action': 'hold', 'grew': False, 'gray': [], 'dream_log_len': 23}
[round 441] {'round': 441, 'utc': '2026-10-09T15:32:53.155353+00:00', 'grid': 5, 'd_h': 1024, 'dream_dose': 3415, 'probes': {'residual': 36.2913, 'sigma': 0.5137, 'alpha': 0.0, 'coverage': 0.9722}, 'action': 'hold', 'grew': False, 'gray': [], 'dream_log_len': 23}
[round 442] {'round': 442, 'utc': '2026-10-09T15:33:25.940161+00:00', 'grid': 5, 'd_h': 1024, 'dream_dose': 3415, 'probes': {'residual': 36.6181, 'sigma': 0.6705, 'alpha': 0.0, 'coverage': 0.9722}, 'action': 'hold', 'grew': False, 'gray': [], 'dream_log_len': 23}
[round 443] {'round': 443, 'utc': '2026-10-09T15:33:57.371091+00:00', 'grid': 5, 'd_h': 1024, 'dream_dose': 3415, 'probes': {'residual': 34.6595, 'sigma': 0.6235, 'alpha': 0.0, 'coverage': 0.9722}, 'action': 'hold', 'grew': False, 'gray': [], 'dream_log_len': 23}
[round 444] {'round': 444, 'utc': '2026-10-09T15:34:29.712639+00:00', 'grid': 5, 'd_h': 1024, 'dream_dose': 3415, 'probes': {'residual': 34.5463, 'sigma': 0.3901, 'alpha': 0.0, 'coverage': 0.9722}, 'action': 'hold', 'grew': False, 'gray': [], 'dream_log_len': 23}
[round 445] {'round': 445, 'utc': '2026-10-09T15:35:01.554406+00:00', 'grid': 5, 'd_h': 1024, 'dream_dose': 3415, 'probes': {'residual': 35.4186, 'sigma': 0.2628, 'alpha': 0.0, 'coverage': 0.9722}, 'action': 'hold', 'grew': False, 'gray': [], 'dream_log_len': 23}
[round 446] {'round': 446, 'utc': '2026-10-09T15:35:33.296964+00:00', 'grid': 5, 'd_h': 1024, 'dream_dose': 3415, 'probes': {'residual': 37.3227, 'sigma': 0.0951, 'alpha': 0.0, 'coverage': 0.9722}, 'action': 'hold', 'grew': False, 'gray': [], 'dream_log_len': 23}
[round 447] {'round': 447, 'utc': '2026-10-09T15:36:04.441762+00:00', 'grid': 5, 'd_h': 1024, 'dream_dose': 3415, 'probes': {'residual': 35.9942, 'sigma': 0.1084, 'alpha': 0.0, 'coverage': 0.9722}, 'action': 'hold', 'grew': False, 'gray': [], 'dream_log_len': 23}
[round 448] {'round': 448, 'utc': '2026-10-09T15:36:35.484118+00:00', 'grid': 5, 'd_h': 1024, 'dream_dose': 3415, 'probes': {'residual': 35.4363, 'sigma': 0.1658, 'alpha': 0.0, 'coverage': 0.9722}, 'action': 'hold', 'grew': False, 'gray': [], 'dream_log_len': 23}
[round 449] {'round': 449, 'utc': '2026-10-09T15:37:08.014441+00:00', 'grid': 5, 'd_h': 1024, 'dream_dose': 3415, 'probes': {'residual': 35.2747, 'sigma': 0.1694, 'alpha': 0.0, 'coverage': 0.9722}, 'action': 'hold', 'grew': False, 'gray': [], 'dream_log_len': 23}
[round 450] {'round': 450, 'utc': '2026-10-09T15:37:39.755087+00:00', 'grid': 5, 'd_h': 1024, 'dream_dose': 3415, 'probes': {'residual': 34.783, 'sigma': 0.232, 'alpha': 0.0, 'coverage': 0.9722}, 'action': 'hold', 'grew': False, 'gray': [], 'dream_log_len': 23}
[round 451] {'round': 451, 'utc': '2026-10-09T15:38:11.839465+00:00', 'grid': 5, 'd_h': 1024, 'dream_dose': 3415, 'probes': {'residual': 34.5956, 'sigma': 0.1461, 'alpha': 0.0, 'coverage': 0.9722}, 'action': 'hold', 'grew': False, 'gray': [], 'dream_log_len': 23}
[round 452] {'round': 452, 'utc': '2026-10-09T15:38:43.802136+00:00', 'grid': 5, 'd_h': 1024, 'dream_dose': 3415, 'probes': {'residual': 34.4595, 'sigma': 0.5305, 'alpha': 0.0, 'coverage': 0.9722}, 'action': 'hold', 'grew': False, 'gray': [], 'dream_log_len': 23}
[round 453] {'round': 453, 'utc': '2026-10-09T15:39:16.178157+00:00', 'grid': 5, 'd_h': 1024, 'dream_dose': 3415, 'probes': {'residual': 34.1718, 'sigma': 0.417, 'alpha': 0.0, 'coverage': 0.9722}, 'action': 'hold', 'grew': False, 'gray': [], 'dream_log_len': 23}
[round 454] {'round': 454, 'utc': '2026-10-09T15:39:46.805249+00:00', 'grid': 5, 'd_h': 1024, 'dream_dose': 3415, 'probes': {'residual': 35.3774, 'sigma': 0.1135, 'alpha': 0.0, 'coverage': 0.9722}, 'action': 'hold', 'grew': False, 'gray': [], 'dream_log_len': 23}
[round 455] {'round': 455, 'utc': '2026-10-09T15:40:19.145599+00:00', 'grid': 5, 'd_h': 1024, 'dream_dose': 3415, 'probes': {'residual': 35.2076, 'sigma': 0.3396, 'alpha': 0.0, 'coverage': 0.9722}, 'action': 'hold', 'grew': False, 'gray': [], 'dream_log_len': 23}
[round 456] {'round': 456, 'utc': '2026-10-09T15:40:49.692781+00:00', 'grid': 5, 'd_h': 1024, 'dream_dose': 3415, 'probes': {'residual': 36.826, 'sigma': 0.2739, 'alpha': 0.0, 'coverage': 0.9722}, 'action': 'hold', 'grew': False, 'gray': [], 'dream_log_len': 23}
[round 457] {'round': 457, 'utc': '2026-10-09T15:41:22.442604+00:00', 'grid': 5, 'd_h': 1024, 'dream_dose': 3415, 'probes': {'residual': 36.0539, 'sigma': 0.1798, 'alpha': 0.0, 'coverage': 0.9722}, 'action': 'hold', 'grew': False, 'gray': [], 'dream_log_len': 23}
[round 458] {'round': 458, 'utc': '2026-10-09T15:41:52.970233+00:00', 'grid': 5, 'd_h': 1024, 'dream_dose': 3415, 'probes': {'residual': 35.0207, 'sigma': 0.7742, 'alpha': 0.0, 'coverage': 0.9722}, 'action': 'hold', 'grew': False, 'gray': [], 'dream_log_len': 23}
[round 459] {'round': 459, 'utc': '2026-10-09T15:42:24.879661+00:00', 'grid': 5, 'd_h': 1024, 'dream_dose': 3415, 'probes': {'residual': 35.9156, 'sigma': 0.8774, 'alpha': 0.0, 'coverage': 0.9722}, 'action': 'hold', 'grew': False, 'gray': [], 'dream_log_len': 23}
[round 460] {'round': 460, 'utc': '2026-10-09T15:42:56.318927+00:00', 'grid': 5, 'd_h': 1024, 'dream_dose': 3415, 'probes': {'residual': 35.9017, 'sigma': 1.5172, 'alpha': 0.0, 'coverage': 0.9722}, 'action': 'hold', 'grew': False, 'gray': [], 'dream_log_len': 23}
[round 461] {'round': 461, 'utc': '2026-10-09T15:43:30.468384+00:00', 'grid': 5, 'd_h': 1024, 'dream_dose': 3415, 'probes': {'residual': 35.8409, 'sigma': 0.5436, 'alpha': 0.0, 'coverage': 0.9722}, 'action': 'hold', 'grew': False, 'gray': [], 'dream_log_len': 23}
[round 462] {'round': 462, 'utc': '2026-10-09T15:44:02.443162+00:00', 'grid': 5, 'd_h': 1024, 'dream_dose': 3415, 'probes': {'residual': 35.0649, 'sigma': 0.2832, 'alpha': 0.0, 'coverage': 0.9722}, 'action': 'hold', 'grew': False, 'gray': [], 'dream_log_len': 23}
[round 463] {'round': 463, 'utc': '2026-10-09T15:44:33.952871+00:00', 'grid': 5, 'd_h': 1024, 'dream_dose': 3415, 'probes': {'residual': 35.2267, 'sigma': 0.2756, 'alpha': 0.0, 'coverage': 0.9722}, 'action': 'hold', 'grew': False, 'gray': [], 'dream_log_len': 23}
[round 464] {'round': 464, 'utc': '2026-10-09T15:45:04.946445+00:00', 'grid': 5, 'd_h': 1024, 'dream_dose': 3415, 'probes': {'residual': 34.7802, 'sigma': 0.2815, 'alpha': 0.0, 'coverage': 0.9722}, 'action': 'hold', 'grew': False, 'gray': [], 'dream_log_len': 23}
[round 465] {'round': 465, 'utc': '2026-10-09T15:45:36.395470+00:00', 'grid': 5, 'd_h': 1024, 'dream_dose': 3415, 'probes': {'residual': 35.254, 'sigma': 0.4136, 'alpha': 0.0, 'coverage': 0.9722}, 'action': 'hold', 'grew': False, 'gray': [], 'dream_log_len': 23}
[round 466] {'round': 466, 'utc': '2026-10-09T15:46:08.196110+00:00', 'grid': 5, 'd_h': 1024, 'dream_dose': 3415, 'probes': {'residual': 35.4016, 'sigma': 0.3872, 'alpha': 0.0, 'coverage': 0.9722}, 'action': 'hold', 'grew': False, 'gray': [], 'dream_log_len': 23}
[round 467] {'round': 467, 'utc': '2026-10-09T15:46:40.224493+00:00', 'grid': 5, 'd_h': 1024, 'dream_dose': 3415, 'probes': {'residual': 37.5266, 'sigma': 0.6678, 'alpha': 0.0, 'coverage': 0.9722}, 'action': 'hold', 'grew': False, 'gray': [], 'dream_log_len': 23}
[round 468] {'round': 468, 'utc': '2026-10-09T15:47:10.752093+00:00', 'grid': 5, 'd_h': 1024, 'dream_dose': 3415, 'probes': {'residual': 38.1039, 'sigma': 0.5624, 'alpha': 0.0, 'coverage': 0.9722}, 'action': 'hold', 'grew': False, 'gray': [], 'dream_log_len': 23}
[round 469] {'round': 469, 'utc': '2026-10-09T15:47:43.222500+00:00', 'grid': 5, 'd_h': 1024, 'dream_dose': 3415, 'probes': {'residual': 39.0549, 'sigma': 0.3424, 'alpha': 0.0, 'coverage': 0.9722}, 'action': 'hold', 'grew': False, 'gray': [], 'dream_log_len': 23}
[round 470] {'round': 470, 'utc': '2026-10-09T15:48:09.011902+00:00', 'grid': 5, 'd_h': 1024, 'dream_dose': 3415, 'probes': {'residual': 37.5831, 'sigma': 0.5228, 'alpha': 0.0, 'coverage': 0.9722}, 'action': 'hold', 'grew': False, 'gray': [], 'dream_log_len': 23}
[round 471] {'round': 471, 'utc': '2026-10-09T15:48:25.708184+00:00', 'grid': 5, 'd_h': 1024, 'dream_dose': 3415, 'probes': {'residual': 37.7107, 'sigma': 0.8259, 'alpha': 0.0, 'coverage': 0.9722}, 'action': 'hold', 'grew': False, 'gray': [], 'dream_log_len': 23}
[round 472] {'round': 472, 'utc': '2026-10-09T15:48:43.253911+00:00', 'grid': 5, 'd_h': 1024, 'dream_dose': 3415, 'probes': {'residual': 36.4874, 'sigma': 0.3337, 'alpha': 0.0, 'coverage': 0.9722}, 'action': 'hold', 'grew': False, 'gray': [], 'dream_log_len': 23}
[round 473] {'round': 473, 'utc': '2026-10-09T15:49:01.261192+00:00', 'grid': 5, 'd_h': 1024, 'dream_dose': 3415, 'probes': {'residual': 36.6546, 'sigma': 190.4602, 'alpha': 0.0, 'coverage': 0.9722}, 'action': 'hold', 'grew': False, 'gray': [], 'dream_log_len': 23}
[round 474] {'round': 474, 'utc': '2026-10-09T15:49:19.649577+00:00', 'grid': 5, 'd_h': 1024, 'dream_dose': 3415, 'probes': {'residual': 36.3155, 'sigma': 220.7794, 'alpha': 0.0, 'coverage': 0.9722}, 'action': 'hold', 'grew': False, 'gray': [], 'dream_log_len': 23}
[round 475] {'round': 475, 'utc': '2026-10-09T15:49:37.873129+00:00', 'grid': 5, 'd_h': 1024, 'dream_dose': 3415, 'probes': {'residual': 35.7916, 'sigma': 29.6694, 'alpha': 0.0, 'coverage': 0.9722}, 'action': 'hold', 'grew': False, 'gray': [], 'dream_log_len': 23}
[round 476] {'round': 476, 'utc': '2026-10-09T15:49:56.516668+00:00', 'grid': 5, 'd_h': 1024, 'dream_dose': 3415, 'probes': {'residual': 34.8898, 'sigma': 1.484, 'alpha': 0.0, 'coverage': 0.9722}, 'action': 'hold', 'grew': False, 'gray': [], 'dream_log_len': 23}
[round 477] {'round': 477, 'utc': '2026-10-09T15:50:15.010425+00:00', 'grid': 5, 'd_h': 1024, 'dream_dose': 3415, 'probes': {'residual': 35.3569, 'sigma': 2.2711, 'alpha': 0.0, 'coverage': 0.9722}, 'action': 'hold', 'grew': False, 'gray': [], 'dream_log_len': 23}
[round 478] {'round': 478, 'utc': '2026-10-09T15:50:33.620767+00:00', 'grid': 5, 'd_h': 1024, 'dream_dose': 3415, 'probes': {'residual': 37.0664, 'sigma': 0.5645, 'alpha': 0.0, 'coverage': 0.9722}, 'action': 'hold', 'grew': False, 'gray': [], 'dream_log_len': 23}
[round 479] {'round': 479, 'utc': '2026-10-09T15:50:52.237039+00:00', 'grid': 5, 'd_h': 1024, 'dream_dose': 3415, 'probes': {'residual': 36.6375, 'sigma': 0.6679, 'alpha': 0.0, 'coverage': 0.9722}, 'action': 'hold', 'grew': False, 'gray': [], 'dream_log_len': 23}
[round 480] {'round': 480, 'utc': '2026-10-09T15:51:10.840365+00:00', 'grid': 5, 'd_h': 1024, 'dream_dose': 3415, 'probes': {'residual': 35.9394, 'sigma': 0.995, 'alpha': 0.0, 'coverage': 0.9722}, 'action': 'hold', 'grew': False, 'gray': [], 'dream_log_len': 23}
[round 481] {'round': 481, 'utc': '2026-10-09T15:51:29.490999+00:00', 'grid': 5, 'd_h': 1024, 'dream_dose': 3415, 'probes': {'residual': 37.3764, 'sigma': 0.5284, 'alpha': 0.0, 'coverage': 0.9722}, 'action': 'hold', 'grew': False, 'gray': [], 'dream_log_len': 23}
[round 482] {'round': 482, 'utc': '2026-10-09T15:51:48.383421+00:00', 'grid': 5, 'd_h': 1024, 'dream_dose': 3415, 'probes': {'residual': 38.0638, 'sigma': 0.3634, 'alpha': 0.0, 'coverage': 0.9722}, 'action': 'hold', 'grew': False, 'gray': [], 'dream_log_len': 23}
[round 483] {'round': 483, 'utc': '2026-10-09T15:52:07.286933+00:00', 'grid': 5, 'd_h': 1024, 'dream_dose': 3415, 'probes': {'residual': 38.1679, 'sigma': 0.3378, 'alpha': 0.0, 'coverage': 0.9722}, 'action': 'hold', 'grew': False, 'gray': [], 'dream_log_len': 23}
[round 484] {'round': 484, 'utc': '2026-10-09T15:52:26.037979+00:00', 'grid': 5, 'd_h': 1024, 'dream_dose': 3415, 'probes': {'residual': 35.8618, 'sigma': 0.7304, 'alpha': 0.0, 'coverage': 0.9722}, 'action': 'hold', 'grew': False, 'gray': [], 'dream_log_len': 23}
[round 485] {'round': 485, 'utc': '2026-10-09T15:52:44.811953+00:00', 'grid': 5, 'd_h': 1024, 'dream_dose': 3415, 'probes': {'residual': 35.3956, 'sigma': 1.6644, 'alpha': 0.0, 'coverage': 0.9722}, 'action': 'hold', 'grew': False, 'gray': [], 'dream_log_len': 23}
[round 486] {'round': 486, 'utc': '2026-10-09T15:53:03.823922+00:00', 'grid': 5, 'd_h': 1024, 'dream_dose': 3415, 'probes': {'residual': 35.5942, 'sigma': 3.4758, 'alpha': 0.0, 'coverage': 0.9722}, 'action': 'hold', 'grew': False, 'gray': [], 'dream_log_len': 23}
[round 487] {'round': 487, 'utc': '2026-10-09T15:53:24.085312+00:00', 'grid': 5, 'd_h': 1024, 'dream_dose': 3415, 'probes': {'residual': 34.6087, 'sigma': 1.3257, 'alpha': 0.0, 'coverage': 0.9722}, 'action': 'hold', 'grew': False, 'gray': [], 'dream_log_len': 23}
[round 488] {'round': 488, 'utc': '2026-10-09T15:53:43.146001+00:00', 'grid': 5, 'd_h': 1024, 'dream_dose': 3415, 'probes': {'residual': 35.9534, 'sigma': 1.6673, 'alpha': 0.0, 'coverage': 0.9722}, 'action': 'hold', 'grew': False, 'gray': [], 'dream_log_len': 23}
[round 489] {'round': 489, 'utc': '2026-10-09T15:54:01.927671+00:00', 'grid': 5, 'd_h': 1024, 'dream_dose': 3415, 'probes': {'residual': 35.6124, 'sigma': 0.7767, 'alpha': 0.0, 'coverage': 0.9722}, 'action': 'hold', 'grew': False, 'gray': [], 'dream_log_len': 23}
[round 490] {'round': 490, 'utc': '2026-10-09T15:54:20.796506+00:00', 'grid': 5, 'd_h': 1024, 'dream_dose': 3415, 'probes': {'residual': 34.6717, 'sigma': 0.6796, 'alpha': 0.0, 'coverage': 0.9722}, 'action': 'hold', 'grew': False, 'gray': [], 'dream_log_len': 23}
[round 491] {'round': 491, 'utc': '2026-10-09T15:54:39.604428+00:00', 'grid': 5, 'd_h': 1024, 'dream_dose': 3415, 'probes': {'residual': 34.4617, 'sigma': 0.4983, 'alpha': 0.0, 'coverage': 0.9722}, 'action': 'hold', 'grew': False, 'gray': [], 'dream_log_len': 23}
[round 492] {'round': 492, 'utc': '2026-10-09T15:54:58.608151+00:00', 'grid': 5, 'd_h': 1024, 'dream_dose': 3415, 'probes': {'residual': 35.2097, 'sigma': 0.4374, 'alpha': 0.0, 'coverage': 0.9722}, 'action': 'hold', 'grew': False, 'gray': [], 'dream_log_len': 23}
[round 493] {'round': 493, 'utc': '2026-10-09T15:55:17.677540+00:00', 'grid': 5, 'd_h': 1024, 'dream_dose': 3415, 'probes': {'residual': 36.652, 'sigma': 0.2859, 'alpha': 0.0, 'coverage': 0.9722}, 'action': 'hold', 'grew': False, 'gray': [], 'dream_log_len': 23}
[round 494] {'round': 494, 'utc': '2026-10-09T15:55:36.793600+00:00', 'grid': 5, 'd_h': 1024, 'dream_dose': 3415, 'probes': {'residual': 35.8253, 'sigma': 0.4711, 'alpha': 0.0, 'coverage': 0.9722}, 'action': 'hold', 'grew': False, 'gray': [], 'dream_log_len': 23}
[round 495] {'round': 495, 'utc': '2026-10-09T15:55:55.819463+00:00', 'grid': 5, 'd_h': 1024, 'dream_dose': 3415, 'probes': {'residual': 36.4524, 'sigma': 0.6846, 'alpha': 0.0, 'coverage': 0.9722}, 'action': 'hold', 'grew': False, 'gray': [], 'dream_log_len': 23}
[round 496] {'round': 496, 'utc': '2026-10-09T15:56:14.910589+00:00', 'grid': 5, 'd_h': 1024, 'dream_dose': 3415, 'probes': {'residual': 37.454, 'sigma': 0.5971, 'alpha': 0.0, 'coverage': 0.9722}, 'action': 'hold', 'grew': False, 'gray': [], 'dream_log_len': 23}
[round 497] {'round': 497, 'utc': '2026-10-09T15:56:34.175418+00:00', 'grid': 5, 'd_h': 1024, 'dream_dose': 3415, 'probes': {'residual': 36.9013, 'sigma': 0.5532, 'alpha': 0.0, 'coverage': 0.9722}, 'action': 'hold', 'grew': False, 'gray': [], 'dream_log_len': 23}
[round 498] {'round': 498, 'utc': '2026-10-09T15:56:53.595019+00:00', 'grid': 5, 'd_h': 1024, 'dream_dose': 3415, 'probes': {'residual': 37.6713, 'sigma': 1.6669, 'alpha': 0.0, 'coverage': 0.9722}, 'action': 'hold', 'grew': False, 'gray': [], 'dream_log_len': 23}
[round 499] {'round': 499, 'utc': '2026-10-09T15:57:12.687214+00:00', 'grid': 5, 'd_h': 1024, 'dream_dose': 3415, 'probes': {'residual': 37.0214, 'sigma': 1.565, 'alpha': 0.0, 'coverage': 0.9722}, 'action': 'hold', 'grew': False, 'gray': [], 'dream_log_len': 23}
[round 500] {'round': 500, 'utc': '2026-10-09T15:57:31.662574+00:00', 'grid': 5, 'd_h': 1024, 'dream_dose': 3415, 'probes': {'residual': 36.9304, 'sigma': 0.9581, 'alpha': 0.0, 'coverage': 0.9722}, 'action': 'hold', 'grew': False, 'gray': [], 'dream_log_len': 23}
[round 501] {'round': 501, 'utc': '2026-10-09T15:57:51.014693+00:00', 'grid': 5, 'd_h': 1024, 'dream_dose': 3415, 'probes': {'residual': 36.0926, 'sigma': 1.3375, 'alpha': 0.0, 'coverage': 0.9722}, 'action': 'hold', 'grew': False, 'gray': [], 'dream_log_len': 23}
[round 502] {'round': 502, 'utc': '2026-10-09T15:58:10.264751+00:00', 'grid': 5, 'd_h': 1024, 'dream_dose': 3415, 'probes': {'residual': 35.2732, 'sigma': 0.8176, 'alpha': 0.0, 'coverage': 0.9722}, 'action': 'hold', 'grew': False, 'gray': [], 'dream_log_len': 23}
[round 503] {'round': 503, 'utc': '2026-10-09T15:58:29.197115+00:00', 'grid': 5, 'd_h': 1024, 'dream_dose': 3415, 'probes': {'residual': 36.3489, 'sigma': 0.395, 'alpha': 0.0, 'coverage': 0.9722}, 'action': 'hold', 'grew': False, 'gray': [], 'dream_log_len': 23}
[round 504] {'round': 504, 'utc': '2026-10-09T15:58:48.174067+00:00', 'grid': 5, 'd_h': 1024, 'dream_dose': 3415, 'probes': {'residual': 36.1216, 'sigma': 0.2308, 'alpha': 0.0, 'coverage': 0.9722}, 'action': 'hold', 'grew': False, 'gray': [], 'dream_log_len': 23}
[round 505] {'round': 505, 'utc': '2026-10-09T15:59:07.106019+00:00', 'grid': 5, 'd_h': 1024, 'dream_dose': 3415, 'probes': {'residual': 35.8049, 'sigma': 0.3158, 'alpha': 0.0, 'coverage': 0.9722}, 'action': 'hold', 'grew': False, 'gray': [], 'dream_log_len': 23}
[round 506] {'round': 506, 'utc': '2026-10-09T15:59:25.839642+00:00', 'grid': 5, 'd_h': 1024, 'dream_dose': 3415, 'probes': {'residual': 35.4809, 'sigma': 0.482, 'alpha': 0.0, 'coverage': 0.9722}, 'action': 'hold', 'grew': False, 'gray': [], 'dream_log_len': 23}
[round 507] {'round': 507, 'utc': '2026-10-09T15:59:44.536635+00:00', 'grid': 5, 'd_h': 1024, 'dream_dose': 3415, 'probes': {'residual': 35.2905, 'sigma': 0.9066, 'alpha': 0.0, 'coverage': 0.9722}, 'action': 'hold', 'grew': False, 'gray': [], 'dream_log_len': 23}
[round 508] {'round': 508, 'utc': '2026-10-09T16:00:02.695290+00:00', 'grid': 5, 'd_h': 1024, 'dream_dose': 3415, 'probes': {'residual': 36.3158, 'sigma': 0.5451, 'alpha': 0.0, 'coverage': 0.9722}, 'action': 'hold', 'grew': False, 'gray': [], 'dream_log_len': 23}
[round 509] {'round': 509, 'utc': '2026-10-09T16:00:21.151422+00:00', 'grid': 5, 'd_h': 1024, 'dream_dose': 3415, 'probes': {'residual': 34.908, 'sigma': 1.4153, 'alpha': 0.0, 'coverage': 0.9722}, 'action': 'hold', 'grew': False, 'gray': [], 'dream_log_len': 23}
[round 510] {'round': 510, 'utc': '2026-10-09T16:00:39.655451+00:00', 'grid': 5, 'd_h': 1024, 'dream_dose': 3415, 'probes': {'residual': 34.9943, 'sigma': 1.0649, 'alpha': 0.0, 'coverage': 0.9722}, 'action': 'hold', 'grew': False, 'gray': [], 'dream_log_len': 23}
[round 511] {'round': 511, 'utc': '2026-10-09T16:00:58.207105+00:00', 'grid': 5, 'd_h': 1024, 'dream_dose': 3415, 'probes': {'residual': 35.0246, 'sigma': 0.8124, 'alpha': 0.0, 'coverage': 0.9722}, 'action': 'hold', 'grew': False, 'gray': [], 'dream_log_len': 23}
[round 512] {'round': 512, 'utc': '2026-10-09T16:01:16.618427+00:00', 'grid': 5, 'd_h': 1024, 'dream_dose': 3415, 'probes': {'residual': 34.6305, 'sigma': 0.691, 'alpha': 0.0, 'coverage': 0.9722}, 'action': 'hold', 'grew': False, 'gray': [], 'dream_log_len': 23}
[round 513] {'round': 513, 'utc': '2026-10-09T16:01:34.878678+00:00', 'grid': 5, 'd_h': 1024, 'dream_dose': 3415, 'probes': {'residual': 34.3205, 'sigma': 0.5574, 'alpha': 0.0, 'coverage': 0.9722}, 'action': 'hold', 'grew': False, 'gray': [], 'dream_log_len': 23}
[round 514] {'round': 514, 'utc': '2026-10-09T16:01:53.149480+00:00', 'grid': 5, 'd_h': 1024, 'dream_dose': 3415, 'probes': {'residual': 33.7221, 'sigma': 0.5247, 'alpha': 0.0, 'coverage': 0.9722}, 'action': 'hold', 'grew': False, 'gray': [], 'dream_log_len': 23}
[round 515] {'round': 515, 'utc': '2026-10-09T16:02:11.262569+00:00', 'grid': 5, 'd_h': 1024, 'dream_dose': 3415, 'probes': {'residual': 33.4053, 'sigma': 1.3626, 'alpha': 0.0, 'coverage': 0.9722}, 'action': 'hold', 'grew': False, 'gray': [], 'dream_log_len': 23}
[round 516] {'round': 516, 'utc': '2026-10-09T16:02:29.497770+00:00', 'grid': 5, 'd_h': 1024, 'dream_dose': 3415, 'probes': {'residual': 34.5869, 'sigma': 0.7772, 'alpha': 0.0, 'coverage': 0.9722}, 'action': 'hold', 'grew': False, 'gray': [], 'dream_log_len': 23}
[round 517] {'round': 517, 'utc': '2026-10-09T16:02:47.919662+00:00', 'grid': 5, 'd_h': 1024, 'dream_dose': 3415, 'probes': {'residual': 34.9266, 'sigma': 1.0827, 'alpha': 0.0, 'coverage': 0.9722}, 'action': 'hold', 'grew': False, 'gray': [], 'dream_log_len': 23}
[round 518] {'round': 518, 'utc': '2026-10-09T16:03:06.715436+00:00', 'grid': 5, 'd_h': 1024, 'dream_dose': 3415, 'probes': {'residual': 34.5191, 'sigma': 0.6234, 'alpha': 0.0, 'coverage': 0.9722}, 'action': 'hold', 'grew': False, 'gray': [], 'dream_log_len': 23}
[round 519] {'round': 519, 'utc': '2026-10-09T16:03:25.978496+00:00', 'grid': 5, 'd_h': 1024, 'dream_dose': 3415, 'probes': {'residual': 33.8242, 'sigma': 0.7374, 'alpha': 0.0, 'coverage': 0.9722}, 'action': 'hold', 'grew': False, 'gray': [], 'dream_log_len': 23}
[round 520] {'round': 520, 'utc': '2026-10-09T16:03:44.478144+00:00', 'grid': 5, 'd_h': 1024, 'dream_dose': 3415, 'probes': {'residual': 33.9786, 'sigma': 1.1952, 'alpha': 0.0, 'coverage': 0.9722}, 'action': 'hold', 'grew': False, 'gray': [], 'dream_log_len': 23}
[round 521] {'round': 521, 'utc': '2026-10-09T16:04:02.713806+00:00', 'grid': 5, 'd_h': 1024, 'dream_dose': 3415, 'probes': {'residual': 33.857, 'sigma': 0.6153, 'alpha': 0.0, 'coverage': 0.9722}, 'action': 'hold', 'grew': False, 'gray': [], 'dream_log_len': 23}
[round 522] {'round': 522, 'utc': '2026-10-09T16:04:20.936578+00:00', 'grid': 5, 'd_h': 1024, 'dream_dose': 3415, 'probes': {'residual': 34.518, 'sigma': 1.1049, 'alpha': 0.0, 'coverage': 0.9722}, 'action': 'hold', 'grew': False, 'gray': [], 'dream_log_len': 23}
[round 523] {'round': 523, 'utc': '2026-10-09T16:04:39.376951+00:00', 'grid': 5, 'd_h': 1024, 'dream_dose': 3415, 'probes': {'residual': 33.832, 'sigma': 0.731, 'alpha': 0.0, 'coverage': 0.9722}, 'action': 'hold', 'grew': False, 'gray': [], 'dream_log_len': 23}
[round 524] {'round': 524, 'utc': '2026-10-09T16:04:57.793342+00:00', 'grid': 5, 'd_h': 1024, 'dream_dose': 3415, 'probes': {'residual': 34.7178, 'sigma': 0.4698, 'alpha': 0.0, 'coverage': 0.9722}, 'action': 'hold', 'grew': False, 'gray': [], 'dream_log_len': 23}
[round 525] {'round': 525, 'utc': '2026-10-09T16:05:16.100758+00:00', 'grid': 5, 'd_h': 1024, 'dream_dose': 3415, 'probes': {'residual': 34.806, 'sigma': 0.2589, 'alpha': 0.0, 'coverage': 0.9722}, 'action': 'hold', 'grew': False, 'gray': [], 'dream_log_len': 23}
[round 526] {'round': 526, 'utc': '2026-10-09T16:05:34.430139+00:00', 'grid': 5, 'd_h': 1024, 'dream_dose': 3415, 'probes': {'residual': 35.7589, 'sigma': 0.2887, 'alpha': 0.0, 'coverage': 0.9722}, 'action': 'hold', 'grew': False, 'gray': [], 'dream_log_len': 23}
[round 527] {'round': 527, 'utc': '2026-10-09T16:05:52.757621+00:00', 'grid': 5, 'd_h': 1024, 'dream_dose': 3415, 'probes': {'residual': 35.9684, 'sigma': 0.1945, 'alpha': 0.0, 'coverage': 0.9722}, 'action': 'hold', 'grew': False, 'gray': [], 'dream_log_len': 23}
[round 528] {'round': 528, 'utc': '2026-10-09T16:06:10.908067+00:00', 'grid': 5, 'd_h': 1024, 'dream_dose': 3415, 'probes': {'residual': 36.0355, 'sigma': 0.3343, 'alpha': 0.0, 'coverage': 0.9722}, 'action': 'hold', 'grew': False, 'gray': [], 'dream_log_len': 23}
[round 529] {'round': 529, 'utc': '2026-10-09T16:06:29.163203+00:00', 'grid': 5, 'd_h': 1024, 'dream_dose': 3415, 'probes': {'residual': 36.0933, 'sigma': 0.3557, 'alpha': 0.0, 'coverage': 0.9722}, 'action': 'hold', 'grew': False, 'gray': [], 'dream_log_len': 23}
[round 530] {'round': 530, 'utc': '2026-10-09T16:06:47.487752+00:00', 'grid': 5, 'd_h': 1024, 'dream_dose': 3415, 'probes': {'residual': 36.4155, 'sigma': 0.3034, 'alpha': 0.0, 'coverage': 0.9722}, 'action': 'hold', 'grew': False, 'gray': [], 'dream_log_len': 23}
[round 531] {'round': 531, 'utc': '2026-10-09T16:07:05.913433+00:00', 'grid': 5, 'd_h': 1024, 'dream_dose': 3415, 'probes': {'residual': 36.2901, 'sigma': 0.3378, 'alpha': 0.0, 'coverage': 0.9722}, 'action': 'hold', 'grew': False, 'gray': [], 'dream_log_len': 23}
[round 532] {'round': 532, 'utc': '2026-10-09T16:07:24.511559+00:00', 'grid': 5, 'd_h': 1024, 'dream_dose': 3415, 'probes': {'residual': 38.4143, 'sigma': 0.2332, 'alpha': 0.0, 'coverage': 0.9722}, 'action': 'hold', 'grew': False, 'gray': [], 'dream_log_len': 23}
[round 533] {'round': 533, 'utc': '2026-10-09T16:07:43.116737+00:00', 'grid': 5, 'd_h': 1024, 'dream_dose': 3415, 'probes': {'residual': 38.3062, 'sigma': 0.4088, 'alpha': 0.0, 'coverage': 0.9722}, 'action': 'hold', 'grew': False, 'gray': [], 'dream_log_len': 23}
[round 534] {'round': 534, 'utc': '2026-10-09T16:08:01.810822+00:00', 'grid': 5, 'd_h': 1024, 'dream_dose': 3415, 'probes': {'residual': 37.4157, 'sigma': 174.745, 'alpha': 0.0, 'coverage': 0.9722}, 'action': 'hold', 'grew': False, 'gray': [], 'dream_log_len': 23}
[round 535] {'round': 535, 'utc': '2026-10-09T16:08:20.467273+00:00', 'grid': 5, 'd_h': 1024, 'dream_dose': 3415, 'probes': {'residual': 36.3577, 'sigma': 9.6726, 'alpha': 0.0, 'coverage': 0.9722}, 'action': 'hold', 'grew': False, 'gray': [], 'dream_log_len': 23}
[round 536] {'round': 536, 'utc': '2026-10-09T16:08:39.133217+00:00', 'grid': 5, 'd_h': 1024, 'dream_dose': 3415, 'probes': {'residual': 37.0626, 'sigma': 1.1617, 'alpha': 0.0, 'coverage': 0.9722}, 'action': 'hold', 'grew': False, 'gray': [], 'dream_log_len': 23}
[round 537] {'round': 537, 'utc': '2026-10-09T16:08:57.271024+00:00', 'grid': 5, 'd_h': 1024, 'dream_dose': 3415, 'probes': {'residual': 35.9966, 'sigma': 0.7618, 'alpha': 0.0, 'coverage': 0.9722}, 'action': 'hold', 'grew': False, 'gray': [], 'dream_log_len': 23}
[round 538] {'round': 538, 'utc': '2026-10-09T16:09:15.884449+00:00', 'grid': 5, 'd_h': 1024, 'dream_dose': 3415, 'probes': {'residual': 35.399, 'sigma': 1.8689, 'alpha': 0.0, 'coverage': 0.9722}, 'action': 'hold', 'grew': False, 'gray': [], 'dream_log_len': 23}
[round 539] {'round': 539, 'utc': '2026-10-09T16:09:34.404832+00:00', 'grid': 5, 'd_h': 1024, 'dream_dose': 3415, 'probes': {'residual': 35.36, 'sigma': 0.338, 'alpha': 0.0, 'coverage': 0.9722}, 'action': 'hold', 'grew': False, 'gray': [], 'dream_log_len': 23}
[round 540] {'round': 540, 'utc': '2026-10-09T16:09:52.672159+00:00', 'grid': 5, 'd_h': 1024, 'dream_dose': 3415, 'probes': {'residual': 36.095, 'sigma': 1.2169, 'alpha': 0.0, 'coverage': 0.9722}, 'action': 'hold', 'grew': False, 'gray': [], 'dream_log_len': 23}
[round 541] {'round': 541, 'utc': '2026-10-09T16:10:10.931922+00:00', 'grid': 5, 'd_h': 1024, 'dream_dose': 3415, 'probes': {'residual': 36.5735, 'sigma': 0.4833, 'alpha': 0.0, 'coverage': 0.9722}, 'action': 'hold', 'grew': False, 'gray': [], 'dream_log_len': 23}
[round 542] {'round': 542, 'utc': '2026-10-09T16:10:29.222750+00:00', 'grid': 5, 'd_h': 1024, 'dream_dose': 3415, 'probes': {'residual': 35.2829, 'sigma': 0.3818, 'alpha': 0.0, 'coverage': 0.9722}, 'action': 'hold', 'grew': False, 'gray': [], 'dream_log_len': 23}
[round 543] {'round': 543, 'utc': '2026-10-09T16:10:47.300141+00:00', 'grid': 5, 'd_h': 1024, 'dream_dose': 3415, 'probes': {'residual': 34.4616, 'sigma': 0.873, 'alpha': 0.0, 'coverage': 0.9722}, 'action': 'hold', 'grew': False, 'gray': [], 'dream_log_len': 23}
[round 544] {'round': 544, 'utc': '2026-10-09T16:11:05.490501+00:00', 'grid': 5, 'd_h': 1024, 'dream_dose': 3415, 'probes': {'residual': 34.3301, 'sigma': 1.4417, 'alpha': 0.0, 'coverage': 0.9722}, 'action': 'hold', 'grew': False, 'gray': [], 'dream_log_len': 23}
[round 545] {'round': 545, 'utc': '2026-10-09T16:11:23.856807+00:00', 'grid': 5, 'd_h': 1024, 'dream_dose': 3415, 'probes': {'residual': 34.1806, 'sigma': 1.4299, 'alpha': 0.0, 'coverage': 0.9722}, 'action': 'hold', 'grew': False, 'gray': [], 'dream_log_len': 23}
[round 546] {'round': 546, 'utc': '2026-10-09T16:11:42.459341+00:00', 'grid': 5, 'd_h': 1024, 'dream_dose': 3415, 'probes': {'residual': 36.2127, 'sigma': 1.7252, 'alpha': 0.0, 'coverage': 0.9722}, 'action': 'hold', 'grew': False, 'gray': [], 'dream_log_len': 23}
[round 547] {'round': 547, 'utc': '2026-10-09T16:12:01.295412+00:00', 'grid': 5, 'd_h': 1024, 'dream_dose': 3415, 'probes': {'residual': 36.6264, 'sigma': 1.4004, 'alpha': 0.0, 'coverage': 0.9722}, 'action': 'hold', 'grew': False, 'gray': [], 'dream_log_len': 23}
[round 548] {'round': 548, 'utc': '2026-10-09T16:12:20.441118+00:00', 'grid': 5, 'd_h': 1024, 'dream_dose': 3415, 'probes': {'residual': 38.0863, 'sigma': 0.5903, 'alpha': 0.0, 'coverage': 0.9722}, 'action': 'hold', 'grew': False, 'gray': [], 'dream_log_len': 23}
[round 549] {'round': 549, 'utc': '2026-10-09T16:12:39.126055+00:00', 'grid': 5, 'd_h': 1024, 'dream_dose': 3415, 'probes': {'residual': 37.9359, 'sigma': 0.6564, 'alpha': 0.0, 'coverage': 0.9722}, 'action': 'hold', 'grew': False, 'gray': [], 'dream_log_len': 23}
[round 550] {'round': 550, 'utc': '2026-10-09T16:12:58.082469+00:00', 'grid': 5, 'd_h': 1024, 'dream_dose': 3415, 'probes': {'residual': 37.6281, 'sigma': 0.835, 'alpha': 0.0, 'coverage': 0.9722}, 'action': 'hold', 'grew': False, 'gray': [], 'dream_log_len': 23}
[round 551] {'round': 551, 'utc': '2026-10-09T16:13:18.332384+00:00', 'grid': 5, 'd_h': 1024, 'dream_dose': 3415, 'probes': {'residual': 39.1968, 'sigma': 0.8946, 'alpha': 0.0, 'coverage': 0.9722}, 'action': 'hold', 'grew': False, 'gray': [], 'dream_log_len': 23}
[round 552] {'round': 552, 'utc': '2026-10-09T16:13:36.727716+00:00', 'grid': 5, 'd_h': 1024, 'dream_dose': 3415, 'probes': {'residual': 39.8617, 'sigma': 0.6335, 'alpha': 0.0, 'coverage': 0.9722}, 'action': 'hold', 'grew': False, 'gray': [], 'dream_log_len': 23}
[round 553] {'round': 553, 'utc': '2026-10-09T16:13:55.417862+00:00', 'grid': 5, 'd_h': 1024, 'dream_dose': 3415, 'probes': {'residual': 38.1843, 'sigma': 0.5411, 'alpha': 0.0, 'coverage': 0.9722}, 'action': 'hold', 'grew': False, 'gray': [], 'dream_log_len': 23}
[round 554] {'round': 554, 'utc': '2026-10-09T16:14:13.951816+00:00', 'grid': 5, 'd_h': 1024, 'dream_dose': 3415, 'probes': {'residual': 38.8491, 'sigma': 0.3871, 'alpha': 0.0, 'coverage': 0.9722}, 'action': 'hold', 'grew': False, 'gray': [], 'dream_log_len': 23}
[round 555] {'round': 555, 'utc': '2026-10-09T16:14:32.118015+00:00', 'grid': 5, 'd_h': 1024, 'dream_dose': 3415, 'probes': {'residual': 38.4595, 'sigma': 0.6614, 'alpha': 0.0, 'coverage': 0.9722}, 'action': 'hold', 'grew': False, 'gray': [], 'dream_log_len': 23}
[round 556] {'round': 556, 'utc': '2026-10-09T16:14:50.412767+00:00', 'grid': 5, 'd_h': 1024, 'dream_dose': 3415, 'probes': {'residual': 38.3319, 'sigma': 1.1584, 'alpha': 0.0, 'coverage': 0.9722}, 'action': 'hold', 'grew': False, 'gray': [], 'dream_log_len': 23}
[round 557] {'round': 557, 'utc': '2026-10-09T16:15:08.899739+00:00', 'grid': 5, 'd_h': 1024, 'dream_dose': 3415, 'probes': {'residual': 38.1112, 'sigma': 1.6128, 'alpha': 0.0, 'coverage': 0.9722}, 'action': 'hold', 'grew': False, 'gray': [], 'dream_log_len': 23}
[round 558] {'round': 558, 'utc': '2026-10-09T16:15:27.193263+00:00', 'grid': 5, 'd_h': 1024, 'dream_dose': 3415, 'probes': {'residual': 36.8545, 'sigma': 2.2061, 'alpha': 0.0, 'coverage': 0.9722}, 'action': 'hold', 'grew': False, 'gray': [], 'dream_log_len': 23}
[round 559] {'round': 559, 'utc': '2026-10-09T16:15:45.871712+00:00', 'grid': 5, 'd_h': 1024, 'dream_dose': 3415, 'probes': {'residual': 37.4197, 'sigma': 2.5775, 'alpha': 0.0, 'coverage': 0.9722}, 'action': 'hold', 'grew': False, 'gray': [], 'dream_log_len': 23}
[round 560] {'round': 560, 'utc': '2026-10-09T16:16:04.577566+00:00', 'grid': 5, 'd_h': 1024, 'dream_dose': 3415, 'probes': {'residual': 37.4148, 'sigma': 1.3082, 'alpha': 0.0, 'coverage': 0.9722}, 'action': 'hold', 'grew': False, 'gray': [], 'dream_log_len': 23}
[round 561] {'round': 561, 'utc': '2026-10-09T16:16:23.219163+00:00', 'grid': 5, 'd_h': 1024, 'dream_dose': 3415, 'probes': {'residual': 36.8385, 'sigma': 0.6205, 'alpha': 0.0, 'coverage': 0.9722}, 'action': 'hold', 'grew': False, 'gray': [], 'dream_log_len': 23}
[round 562] {'round': 562, 'utc': '2026-10-09T16:16:41.919996+00:00', 'grid': 5, 'd_h': 1024, 'dream_dose': 3415, 'probes': {'residual': 37.5323, 'sigma': 0.4243, 'alpha': 0.0, 'coverage': 0.9722}, 'action': 'hold', 'grew': False, 'gray': [], 'dream_log_len': 23}
[round 563] {'round': 563, 'utc': '2026-10-09T16:17:00.137018+00:00', 'grid': 5, 'd_h': 1024, 'dream_dose': 3415, 'probes': {'residual': 37.7158, 'sigma': 0.5807, 'alpha': 0.0, 'coverage': 0.9722}, 'action': 'hold', 'grew': False, 'gray': [], 'dream_log_len': 23}
[round 564] {'round': 564, 'utc': '2026-10-09T16:17:18.689635+00:00', 'grid': 5, 'd_h': 1024, 'dream_dose': 3415, 'probes': {'residual': 37.7232, 'sigma': 0.5528, 'alpha': 0.0, 'coverage': 0.9722}, 'action': 'hold', 'grew': False, 'gray': [], 'dream_log_len': 23}
[round 565] {'round': 565, 'utc': '2026-10-09T16:17:37.042422+00:00', 'grid': 5, 'd_h': 1024, 'dream_dose': 3415, 'probes': {'residual': 38.0686, 'sigma': 0.5052, 'alpha': 0.0, 'coverage': 0.9722}, 'action': 'hold', 'grew': False, 'gray': [], 'dream_log_len': 23}
[round 566] {'round': 566, 'utc': '2026-10-09T16:17:55.447733+00:00', 'grid': 5, 'd_h': 1024, 'dream_dose': 3415, 'probes': {'residual': 38.3613, 'sigma': 0.1953, 'alpha': 0.0, 'coverage': 0.9722}, 'action': 'hold', 'grew': False, 'gray': [], 'dream_log_len': 23}
[round 567] {'round': 567, 'utc': '2026-10-09T16:18:13.999148+00:00', 'grid': 5, 'd_h': 1024, 'dream_dose': 3415, 'probes': {'residual': 38.1362, 'sigma': 0.1929, 'alpha': 0.0, 'coverage': 0.9722}, 'action': 'hold', 'grew': False, 'gray': [], 'dream_log_len': 23}
[round 568] {'round': 568, 'utc': '2026-10-09T16:18:32.417545+00:00', 'grid': 5, 'd_h': 1024, 'dream_dose': 3415, 'probes': {'residual': 37.2612, 'sigma': 0.2669, 'alpha': 0.0, 'coverage': 0.9722}, 'action': 'hold', 'grew': False, 'gray': [], 'dream_log_len': 23}
[round 569] {'round': 569, 'utc': '2026-10-09T16:18:50.866348+00:00', 'grid': 5, 'd_h': 1024, 'dream_dose': 3415, 'probes': {'residual': 37.6441, 'sigma': 0.3242, 'alpha': 0.0, 'coverage': 0.9722}, 'action': 'hold', 'grew': False, 'gray': [], 'dream_log_len': 23}
[round 570] {'round': 570, 'utc': '2026-10-09T16:19:09.235628+00:00', 'grid': 5, 'd_h': 1024, 'dream_dose': 3415, 'probes': {'residual': 36.6704, 'sigma': 0.2762, 'alpha': 0.0, 'coverage': 0.9722}, 'action': 'hold', 'grew': False, 'gray': [], 'dream_log_len': 23}
[round 571] {'round': 571, 'utc': '2026-10-09T16:19:27.670081+00:00', 'grid': 5, 'd_h': 1024, 'dream_dose': 3415, 'probes': {'residual': 36.5119, 'sigma': 0.2076, 'alpha': 0.0, 'coverage': 0.9722}, 'action': 'hold', 'grew': False, 'gray': [], 'dream_log_len': 23}
[round 572] {'round': 572, 'utc': '2026-10-09T16:19:46.064665+00:00', 'grid': 5, 'd_h': 1024, 'dream_dose': 3415, 'probes': {'residual': 36.5939, 'sigma': 0.4202, 'alpha': 0.0, 'coverage': 0.9722}, 'action': 'hold', 'grew': False, 'gray': [], 'dream_log_len': 23}
[round 573] {'round': 573, 'utc': '2026-10-09T16:20:04.590291+00:00', 'grid': 5, 'd_h': 1024, 'dream_dose': 3415, 'probes': {'residual': 35.8897, 'sigma': 1.5385, 'alpha': 0.0, 'coverage': 0.9722}, 'action': 'hold', 'grew': False, 'gray': [], 'dream_log_len': 23}
[round 574] {'round': 574, 'utc': '2026-10-09T16:20:23.142344+00:00', 'grid': 5, 'd_h': 1024, 'dream_dose': 3415, 'probes': {'residual': 34.9851, 'sigma': 0.2643, 'alpha': 0.0, 'coverage': 0.9722}, 'action': 'hold', 'grew': False, 'gray': [], 'dream_log_len': 23}
[round 575] {'round': 575, 'utc': '2026-10-09T16:20:41.865161+00:00', 'grid': 5, 'd_h': 1024, 'dream_dose': 3415, 'probes': {'residual': 35.8031, 'sigma': 1.9301, 'alpha': 0.0, 'coverage': 0.9722}, 'action': 'hold', 'grew': False, 'gray': [], 'dream_log_len': 23}
[round 576] {'round': 576, 'utc': '2026-10-09T16:21:00.521295+00:00', 'grid': 5, 'd_h': 1024, 'dream_dose': 3415, 'probes': {'residual': 36.2972, 'sigma': 55.9841, 'alpha': 0.0, 'coverage': 0.9722}, 'action': 'hold', 'grew': False, 'gray': [], 'dream_log_len': 23}
[round 577] {'round': 577, 'utc': '2026-10-09T16:21:18.816285+00:00', 'grid': 5, 'd_h': 1024, 'dream_dose': 3415, 'probes': {'residual': 36.1622, 'sigma': 2.6991, 'alpha': 0.0, 'coverage': 0.9722}, 'action': 'hold', 'grew': False, 'gray': [], 'dream_log_len': 23}
[round 578] {'round': 578, 'utc': '2026-10-09T16:21:37.503297+00:00', 'grid': 5, 'd_h': 1024, 'dream_dose': 3415, 'probes': {'residual': 36.2497, 'sigma': 0.5865, 'alpha': 0.0, 'coverage': 0.9722}, 'action': 'hold', 'grew': False, 'gray': [], 'dream_log_len': 23}
[round 579] {'round': 579, 'utc': '2026-10-09T16:21:56.079732+00:00', 'grid': 5, 'd_h': 1024, 'dream_dose': 3415, 'probes': {'residual': 35.9904, 'sigma': 1.1781, 'alpha': 0.0, 'coverage': 0.9722}, 'action': 'hold', 'grew': False, 'gray': [], 'dream_log_len': 23}
[round 580] {'round': 580, 'utc': '2026-10-09T16:22:14.727599+00:00', 'grid': 5, 'd_h': 1024, 'dream_dose': 3415, 'probes': {'residual': 35.9641, 'sigma': 0.9586, 'alpha': 0.0, 'coverage': 0.9722}, 'action': 'hold', 'grew': False, 'gray': [], 'dream_log_len': 23}
[round 581] {'round': 581, 'utc': '2026-10-09T16:22:33.255894+00:00', 'grid': 5, 'd_h': 1024, 'dream_dose': 3415, 'probes': {'residual': 35.9532, 'sigma': 0.82, 'alpha': 0.0, 'coverage': 0.9722}, 'action': 'hold', 'grew': False, 'gray': [], 'dream_log_len': 23}
[round 582] {'round': 582, 'utc': '2026-10-09T16:22:51.781820+00:00', 'grid': 5, 'd_h': 1024, 'dream_dose': 3415, 'probes': {'residual': 35.8766, 'sigma': 1.2029, 'alpha': 0.0, 'coverage': 0.9722}, 'action': 'hold', 'grew': False, 'gray': [], 'dream_log_len': 23}
[round 583] {'round': 583, 'utc': '2026-10-09T16:23:11.409501+00:00', 'grid': 5, 'd_h': 1024, 'dream_dose': 3415, 'probes': {'residual': 35.9848, 'sigma': 1.3727, 'alpha': 0.0, 'coverage': 0.9722}, 'action': 'hold', 'grew': False, 'gray': [], 'dream_log_len': 23}
[round 584] {'round': 584, 'utc': '2026-10-09T16:23:30.290808+00:00', 'grid': 5, 'd_h': 1024, 'dream_dose': 3415, 'probes': {'residual': 36.0648, 'sigma': 0.916, 'alpha': 0.0, 'coverage': 0.9722}, 'action': 'hold', 'grew': False, 'gray': [], 'dream_log_len': 23}
[round 585] {'round': 585, 'utc': '2026-10-09T16:23:48.917266+00:00', 'grid': 5, 'd_h': 1024, 'dream_dose': 3415, 'probes': {'residual': 35.9255, 'sigma': 0.5501, 'alpha': 0.0, 'coverage': 0.9722}, 'action': 'hold', 'grew': False, 'gray': [], 'dream_log_len': 23}
[round 586] {'round': 586, 'utc': '2026-10-09T16:24:07.506936+00:00', 'grid': 5, 'd_h': 1024, 'dream_dose': 3415, 'probes': {'residual': 36.2223, 'sigma': 0.8209, 'alpha': 0.0, 'coverage': 0.9722}, 'action': 'hold', 'grew': False, 'gray': [], 'dream_log_len': 23}
[round 587] {'round': 587, 'utc': '2026-10-09T16:24:26.061175+00:00', 'grid': 5, 'd_h': 1024, 'dream_dose': 3415, 'probes': {'residual': 35.0502, 'sigma': 0.5728, 'alpha': 0.0, 'coverage': 0.9722}, 'action': 'hold', 'grew': False, 'gray': [], 'dream_log_len': 23}
[round 588] {'round': 588, 'utc': '2026-10-09T16:24:44.708575+00:00', 'grid': 5, 'd_h': 1024, 'dream_dose': 3415, 'probes': {'residual': 35.386, 'sigma': 1.3256, 'alpha': 0.0, 'coverage': 0.9722}, 'action': 'hold', 'grew': False, 'gray': [], 'dream_log_len': 23}
[round 589] {'round': 589, 'utc': '2026-10-09T16:25:03.224226+00:00', 'grid': 5, 'd_h': 1024, 'dream_dose': 3415, 'probes': {'residual': 35.3802, 'sigma': 1.0959, 'alpha': 0.0, 'coverage': 0.9722}, 'action': 'hold', 'grew': False, 'gray': [], 'dream_log_len': 23}
[round 590] {'round': 590, 'utc': '2026-10-09T16:25:22.108718+00:00', 'grid': 5, 'd_h': 1024, 'dream_dose': 3415, 'probes': {'residual': 37.2789, 'sigma': 0.2599, 'alpha': 0.0, 'coverage': 0.9722}, 'action': 'hold', 'grew': False, 'gray': [], 'dream_log_len': 23}
[round 591] {'round': 591, 'utc': '2026-10-09T16:25:40.375855+00:00', 'grid': 5, 'd_h': 1024, 'dream_dose': 3415, 'probes': {'residual': 36.5077, 'sigma': 0.5923, 'alpha': 0.0, 'coverage': 0.9722}, 'action': 'hold', 'grew': False, 'gray': [], 'dream_log_len': 23}
[round 592] {'round': 592, 'utc': '2026-10-09T16:25:58.729609+00:00', 'grid': 5, 'd_h': 1024, 'dream_dose': 3415, 'probes': {'residual': 35.9435, 'sigma': 0.9497, 'alpha': 0.0, 'coverage': 0.9722}, 'action': 'hold', 'grew': False, 'gray': [], 'dream_log_len': 23}
[round 593] {'round': 593, 'utc': '2026-10-09T16:26:17.163436+00:00', 'grid': 5, 'd_h': 1024, 'dream_dose': 3415, 'probes': {'residual': 35.0372, 'sigma': 0.7522, 'alpha': 0.0, 'coverage': 0.9722}, 'action': 'hold', 'grew': False, 'gray': [], 'dream_log_len': 23}
[round 594] {'round': 594, 'utc': '2026-10-09T16:26:35.583313+00:00', 'grid': 5, 'd_h': 1024, 'dream_dose': 3415, 'probes': {'residual': 35.4543, 'sigma': 1.5555, 'alpha': 0.0, 'coverage': 0.9722}, 'action': 'hold', 'grew': False, 'gray': [], 'dream_log_len': 23}
[round 595] {'round': 595, 'utc': '2026-10-09T16:26:54.352231+00:00', 'grid': 5, 'd_h': 1024, 'dream_dose': 3415, 'probes': {'residual': 35.5283, 'sigma': 1.8736, 'alpha': 0.0, 'coverage': 0.9722}, 'action': 'hold', 'grew': False, 'gray': [], 'dream_log_len': 23}
[round 596] {'round': 596, 'utc': '2026-10-09T16:27:12.996071+00:00', 'grid': 5, 'd_h': 1024, 'dream_dose': 3415, 'probes': {'residual': 36.0669, 'sigma': 1.0644, 'alpha': 0.0, 'coverage': 0.9722}, 'action': 'hold', 'grew': False, 'gray': [], 'dream_log_len': 23}
[round 597] {'round': 597, 'utc': '2026-10-09T16:27:31.467690+00:00', 'grid': 5, 'd_h': 1024, 'dream_dose': 3415, 'probes': {'residual': 36.0297, 'sigma': 1.2667, 'alpha': 0.0, 'coverage': 0.9722}, 'action': 'hold', 'grew': False, 'gray': [], 'dream_log_len': 23}
[round 598] {'round': 598, 'utc': '2026-10-09T16:27:50.074720+00:00', 'grid': 5, 'd_h': 1024, 'dream_dose': 3415, 'probes': {'residual': 36.1983, 'sigma': 0.9739, 'alpha': 0.0, 'coverage': 0.9722}, 'action': 'hold', 'grew': False, 'gray': [], 'dream_log_len': 23}
[round 599] {'round': 599, 'utc': '2026-10-09T16:28:08.653827+00:00', 'grid': 5, 'd_h': 1024, 'dream_dose': 3415, 'probes': {'residual': 38.4674, 'sigma': 0.711, 'alpha': 0.0, 'coverage': 0.9722}, 'action': 'hold', 'grew': False, 'gray': [], 'dream_log_len': 23}
[round 600] {'round': 600, 'utc': '2026-10-09T16:28:26.983981+00:00', 'grid': 5, 'd_h': 1024, 'dream_dose': 3415, 'probes': {'residual': 36.438, 'sigma': 0.5828, 'alpha': 0.0, 'coverage': 0.9722}, 'action': 'hold', 'grew': False, 'gray': [], 'dream_log_len': 23}
[round 601] {'round': 601, 'utc': '2026-10-09T16:28:45.116502+00:00', 'grid': 5, 'd_h': 1024, 'dream_dose': 3415, 'probes': {'residual': 35.3542, 'sigma': 1.3859, 'alpha': 0.0, 'coverage': 0.9722}, 'action': 'hold', 'grew': False, 'gray': [], 'dream_log_len': 23}
[round 602] {'round': 602, 'utc': '2026-10-09T16:29:03.599064+00:00', 'grid': 5, 'd_h': 1024, 'dream_dose': 3415, 'probes': {'residual': 35.0389, 'sigma': 1.7212, 'alpha': 0.0, 'coverage': 0.9722}, 'action': 'hold', 'grew': False, 'gray': [], 'dream_log_len': 23}
[round 603] {'round': 603, 'utc': '2026-10-09T16:29:22.247222+00:00', 'grid': 5, 'd_h': 1024, 'dream_dose': 3415, 'probes': {'residual': 37.2737, 'sigma': 1.19, 'alpha': 0.0, 'coverage': 0.9722}, 'action': 'hold', 'grew': False, 'gray': [], 'dream_log_len': 23}
[round 604] {'round': 604, 'utc': '2026-10-09T16:29:40.872783+00:00', 'grid': 5, 'd_h': 1024, 'dream_dose': 3415, 'probes': {'residual': 38.029, 'sigma': 0.8206, 'alpha': 0.0, 'coverage': 0.9722}, 'action': 'hold', 'grew': False, 'gray': [], 'dream_log_len': 23}
[round 605] {'round': 605, 'utc': '2026-10-09T16:29:58.812866+00:00', 'grid': 5, 'd_h': 1024, 'dream_dose': 3415, 'probes': {'residual': 35.819, 'sigma': 0.6055, 'alpha': 0.0, 'coverage': 0.9722}, 'action': 'hold', 'grew': False, 'gray': [], 'dream_log_len': 23}
[round 606] {'round': 606, 'utc': '2026-10-09T16:30:17.086565+00:00', 'grid': 5, 'd_h': 1024, 'dream_dose': 3415, 'probes': {'residual': 35.3025, 'sigma': 0.2336, 'alpha': 0.0, 'coverage': 0.9722}, 'action': 'hold', 'grew': False, 'gray': [], 'dream_log_len': 23}
[round 607] {'round': 607, 'utc': '2026-10-09T16:30:35.250174+00:00', 'grid': 5, 'd_h': 1024, 'dream_dose': 3415, 'probes': {'residual': 35.2515, 'sigma': 0.2793, 'alpha': 0.0, 'coverage': 0.9722}, 'action': 'hold', 'grew': False, 'gray': [], 'dream_log_len': 23}
[round 608] {'round': 608, 'utc': '2026-10-09T16:30:53.656893+00:00', 'grid': 5, 'd_h': 1024, 'dream_dose': 3415, 'probes': {'residual': 35.3009, 'sigma': 0.6232, 'alpha': 0.0, 'coverage': 0.9722}, 'action': 'hold', 'grew': False, 'gray': [], 'dream_log_len': 23}
[round 609] {'round': 609, 'utc': '2026-10-09T16:31:11.918752+00:00', 'grid': 5, 'd_h': 1024, 'dream_dose': 3415, 'probes': {'residual': 35.2416, 'sigma': 0.8864, 'alpha': 0.0, 'coverage': 0.9722}, 'action': 'hold', 'grew': False, 'gray': [], 'dream_log_len': 23}
[round 610] {'round': 610, 'utc': '2026-10-09T16:31:30.261675+00:00', 'grid': 5, 'd_h': 1024, 'dream_dose': 3415, 'probes': {'residual': 35.3918, 'sigma': 0.8551, 'alpha': 0.0, 'coverage': 0.9722}, 'action': 'hold', 'grew': False, 'gray': [], 'dream_log_len': 23}
[round 611] {'round': 611, 'utc': '2026-10-09T16:31:48.566181+00:00', 'grid': 5, 'd_h': 1024, 'dream_dose': 3415, 'probes': {'residual': 34.5369, 'sigma': 2.4115, 'alpha': 0.0, 'coverage': 0.9722}, 'action': 'hold', 'grew': False, 'gray': [], 'dream_log_len': 23}
[round 612] {'round': 612, 'utc': '2026-10-09T16:32:07.212672+00:00', 'grid': 5, 'd_h': 1024, 'dream_dose': 3415, 'probes': {'residual': 36.281, 'sigma': 1.5705, 'alpha': 0.0, 'coverage': 0.9722}, 'action': 'hold', 'grew': False, 'gray': [], 'dream_log_len': 23}
[round 613] {'round': 613, 'utc': '2026-10-09T16:32:25.736822+00:00', 'grid': 5, 'd_h': 1024, 'dream_dose': 3415, 'probes': {'residual': 35.621, 'sigma': 1.1065, 'alpha': 0.0, 'coverage': 0.9722}, 'action': 'hold', 'grew': False, 'gray': [], 'dream_log_len': 23}
[round 614] {'round': 614, 'utc': '2026-10-09T16:32:44.323500+00:00', 'grid': 5, 'd_h': 1024, 'dream_dose': 3415, 'probes': {'residual': 36.0821, 'sigma': 0.7107, 'alpha': 0.0, 'coverage': 0.9722}, 'action': 'hold', 'grew': False, 'gray': [], 'dream_log_len': 23}
[round 615] {'round': 615, 'utc': '2026-10-09T16:33:03.018004+00:00', 'grid': 5, 'd_h': 1024, 'dream_dose': 3415, 'probes': {'residual': 38.2391, 'sigma': 0.3244, 'alpha': 0.0, 'coverage': 0.9722}, 'action': 'hold', 'grew': False, 'gray': [], 'dream_log_len': 23}
[round 616] {'round': 616, 'utc': '2026-10-09T16:33:22.902464+00:00', 'grid': 5, 'd_h': 1024, 'dream_dose': 3415, 'probes': {'residual': 37.4236, 'sigma': 0.5497, 'alpha': 0.0, 'coverage': 0.9722}, 'action': 'hold', 'grew': False, 'gray': [], 'dream_log_len': 23}
[round 617] {'round': 617, 'utc': '2026-10-09T16:33:41.222182+00:00', 'grid': 5, 'd_h': 1024, 'dream_dose': 3415, 'probes': {'residual': 37.2178, 'sigma': 0.4114, 'alpha': 0.0, 'coverage': 0.9722}, 'action': 'hold', 'grew': False, 'gray': [], 'dream_log_len': 23}
[round 618] {'round': 618, 'utc': '2026-10-09T16:33:59.532266+00:00', 'grid': 5, 'd_h': 1024, 'dream_dose': 3415, 'probes': {'residual': 37.0783, 'sigma': 1.0129, 'alpha': 0.0, 'coverage': 0.9722}, 'action': 'hold', 'grew': False, 'gray': [], 'dream_log_len': 23}
[round 619] {'round': 619, 'utc': '2026-10-09T16:34:18.114549+00:00', 'grid': 5, 'd_h': 1024, 'dream_dose': 3415, 'probes': {'residual': 36.4467, 'sigma': 1.3668, 'alpha': 0.0, 'coverage': 0.9722}, 'action': 'hold', 'grew': False, 'gray': [], 'dream_log_len': 23}
[round 620] {'round': 620, 'utc': '2026-10-09T16:34:36.513596+00:00', 'grid': 5, 'd_h': 1024, 'dream_dose': 3415, 'probes': {'residual': 35.9632, 'sigma': 0.9446, 'alpha': 0.0, 'coverage': 0.9722}, 'action': 'hold', 'grew': False, 'gray': [], 'dream_log_len': 23}
[round 621] {'round': 621, 'utc': '2026-10-09T16:34:55.274230+00:00', 'grid': 5, 'd_h': 1024, 'dream_dose': 3415, 'probes': {'residual': 36.505, 'sigma': 2.7281, 'alpha': 0.0, 'coverage': 0.9722}, 'action': 'hold', 'grew': False, 'gray': [], 'dream_log_len': 23}
[round 622] {'round': 622, 'utc': '2026-10-09T16:35:14.114113+00:00', 'grid': 5, 'd_h': 1024, 'dream_dose': 3415, 'probes': {'residual': 37.0828, 'sigma': 0.8877, 'alpha': 0.0, 'coverage': 0.9722}, 'action': 'hold', 'grew': False, 'gray': [], 'dream_log_len': 23}
[round 623] {'round': 623, 'utc': '2026-10-09T16:35:32.551050+00:00', 'grid': 5, 'd_h': 1024, 'dream_dose': 3415, 'probes': {'residual': 37.2056, 'sigma': 1.1304, 'alpha': 0.0, 'coverage': 0.9722}, 'action': 'hold', 'grew': False, 'gray': [], 'dream_log_len': 23}
[round 624] {'round': 624, 'utc': '2026-10-09T16:35:51.096979+00:00', 'grid': 5, 'd_h': 1024, 'dream_dose': 3415, 'probes': {'residual': 37.0903, 'sigma': 1.0046, 'alpha': 0.0, 'coverage': 0.9722}, 'action': 'hold', 'grew': False, 'gray': [], 'dream_log_len': 23}
[round 625] {'round': 625, 'utc': '2026-10-09T16:36:09.811707+00:00', 'grid': 5, 'd_h': 1024, 'dream_dose': 3415, 'probes': {'residual': 37.9389, 'sigma': 1.0229, 'alpha': 0.0, 'coverage': 0.9722}, 'action': 'hold', 'grew': False, 'gray': [], 'dream_log_len': 23}
[round 626] {'round': 626, 'utc': '2026-10-09T16:36:28.422524+00:00', 'grid': 5, 'd_h': 1024, 'dream_dose': 3415, 'probes': {'residual': 37.4144, 'sigma': 5.3766, 'alpha': 0.0, 'coverage': 0.9722}, 'action': 'hold', 'grew': False, 'gray': [], 'dream_log_len': 23}
[round 627] {'round': 627, 'utc': '2026-10-09T16:36:47.134715+00:00', 'grid': 5, 'd_h': 1024, 'dream_dose': 3415, 'probes': {'residual': 37.1007, 'sigma': 40.2577, 'alpha': 0.0, 'coverage': 0.9722}, 'action': 'hold', 'grew': False, 'gray': [], 'dream_log_len': 23}
[round 628] {'round': 628, 'utc': '2026-10-09T16:37:06.083683+00:00', 'grid': 5, 'd_h': 1024, 'dream_dose': 3415, 'probes': {'residual': 38.6748, 'sigma': 47.8854, 'alpha': 0.0, 'coverage': 0.9722}, 'action': 'hold', 'grew': False, 'gray': [], 'dream_log_len': 23}
[round 629] {'round': 629, 'utc': '2026-10-09T16:37:24.835904+00:00', 'grid': 5, 'd_h': 1024, 'dream_dose': 3415, 'probes': {'residual': 38.5101, 'sigma': 67.3672, 'alpha': 0.0, 'coverage': 0.9722}, 'action': 'hold', 'grew': False, 'gray': [], 'dream_log_len': 23}
[round 630] {'round': 630, 'utc': '2026-10-09T16:37:43.720999+00:00', 'grid': 5, 'd_h': 1024, 'dream_dose': 3415, 'probes': {'residual': 38.3561, 'sigma': 50.0101, 'alpha': 0.0, 'coverage': 0.9722}, 'action': 'hold', 'grew': False, 'gray': [], 'dream_log_len': 23}
[round 631] {'round': 631, 'utc': '2026-10-09T16:38:02.522266+00:00', 'grid': 5, 'd_h': 1024, 'dream_dose': 3415, 'probes': {'residual': 37.6262, 'sigma': 0.4578, 'alpha': 0.0, 'coverage': 0.9722}, 'action': 'hold', 'grew': False, 'gray': [], 'dream_log_len': 23}
[round 632] {'round': 632, 'utc': '2026-10-09T16:38:21.309330+00:00', 'grid': 5, 'd_h': 1024, 'dream_dose': 3415, 'probes': {'residual': 37.4695, 'sigma': 52.4474, 'alpha': 0.0, 'coverage': 0.9722}, 'action': 'hold', 'grew': False, 'gray': [], 'dream_log_len': 23}
[round 633] {'round': 633, 'utc': '2026-10-09T16:38:40.222932+00:00', 'grid': 5, 'd_h': 1024, 'dream_dose': 3415, 'probes': {'residual': 38.1251, 'sigma': 0.4192, 'alpha': 0.0, 'coverage': 0.9722}, 'action': 'hold', 'grew': False, 'gray': [], 'dream_log_len': 23}
[round 634] {'round': 634, 'utc': '2026-10-09T16:38:58.793280+00:00', 'grid': 5, 'd_h': 1024, 'dream_dose': 3415, 'probes': {'residual': 37.2846, 'sigma': 0.5077, 'alpha': 0.0, 'coverage': 0.9722}, 'action': 'hold', 'grew': False, 'gray': [], 'dream_log_len': 23}
[round 635] {'round': 635, 'utc': '2026-10-09T16:39:17.699635+00:00', 'grid': 5, 'd_h': 1024, 'dream_dose': 3415, 'probes': {'residual': 37.7901, 'sigma': 0.8492, 'alpha': 0.0, 'coverage': 0.9722}, 'action': 'hold', 'grew': False, 'gray': [], 'dream_log_len': 23}
[round 636] {'round': 636, 'utc': '2026-10-09T16:39:36.310649+00:00', 'grid': 5, 'd_h': 1024, 'dream_dose': 3415, 'probes': {'residual': 37.1067, 'sigma': 0.6864, 'alpha': 0.0, 'coverage': 0.9722}, 'action': 'hold', 'grew': False, 'gray': [], 'dream_log_len': 23}
[round 637] {'round': 637, 'utc': '2026-10-09T16:39:55.188373+00:00', 'grid': 5, 'd_h': 1024, 'dream_dose': 3415, 'probes': {'residual': 36.8922, 'sigma': 0.7386, 'alpha': 0.0, 'coverage': 0.9722}, 'action': 'hold', 'grew': False, 'gray': [], 'dream_log_len': 23}
[round 638] {'round': 638, 'utc': '2026-10-09T16:40:14.025173+00:00', 'grid': 5, 'd_h': 1024, 'dream_dose': 3415, 'probes': {'residual': 37.2915, 'sigma': 0.3259, 'alpha': 0.0, 'coverage': 0.9722}, 'action': 'hold', 'grew': False, 'gray': [], 'dream_log_len': 23}
[round 639] {'round': 639, 'utc': '2026-10-09T16:40:32.661344+00:00', 'grid': 5, 'd_h': 1024, 'dream_dose': 3415, 'probes': {'residual': 37.4747, 'sigma': 0.3972, 'alpha': 0.0, 'coverage': 0.9722}, 'action': 'hold', 'grew': False, 'gray': [], 'dream_log_len': 23}
[round 640] {'round': 640, 'utc': '2026-10-09T16:40:51.004481+00:00', 'grid': 5, 'd_h': 1024, 'dream_dose': 3415, 'probes': {'residual': 36.097, 'sigma': 0.2524, 'alpha': 0.0, 'coverage': 0.9722}, 'action': 'hold', 'grew': False, 'gray': [], 'dream_log_len': 23}
[round 641] {'round': 641, 'utc': '2026-10-09T16:41:09.556654+00:00', 'grid': 5, 'd_h': 1024, 'dream_dose': 3415, 'probes': {'residual': 35.5489, 'sigma': 0.5029, 'alpha': 0.0, 'coverage': 0.9722}, 'action': 'hold', 'grew': False, 'gray': [], 'dream_log_len': 23}
[round 642] {'round': 642, 'utc': '2026-10-09T16:41:28.207428+00:00', 'grid': 5, 'd_h': 1024, 'dream_dose': 3415, 'probes': {'residual': 35.9285, 'sigma': 0.891, 'alpha': 0.0, 'coverage': 0.9722}, 'action': 'hold', 'grew': False, 'gray': [], 'dream_log_len': 23}
[round 643] {'round': 643, 'utc': '2026-10-09T16:41:47.100567+00:00', 'grid': 5, 'd_h': 1024, 'dream_dose': 3415, 'probes': {'residual': 36.6453, 'sigma': 1.0101, 'alpha': 0.0, 'coverage': 0.9722}, 'action': 'hold', 'grew': False, 'gray': [], 'dream_log_len': 23}
[round 644] {'round': 644, 'utc': '2026-10-09T16:42:05.843307+00:00', 'grid': 5, 'd_h': 1024, 'dream_dose': 3415, 'probes': {'residual': 36.8877, 'sigma': 1.1099, 'alpha': 0.0, 'coverage': 0.9722}, 'action': 'hold', 'grew': False, 'gray': [], 'dream_log_len': 23}
[round 645] {'round': 645, 'utc': '2026-10-09T16:42:24.642169+00:00', 'grid': 5, 'd_h': 1024, 'dream_dose': 3415, 'probes': {'residual': 37.1652, 'sigma': 2.2107, 'alpha': 0.0, 'coverage': 0.9722}, 'action': 'hold', 'grew': False, 'gray': [], 'dream_log_len': 23}
[round 646] {'round': 646, 'utc': '2026-10-09T16:42:43.629603+00:00', 'grid': 5, 'd_h': 1024, 'dream_dose': 3415, 'probes': {'residual': 37.7138, 'sigma': 1.3658, 'alpha': 0.0, 'coverage': 0.9722}, 'action': 'hold', 'grew': False, 'gray': [], 'dream_log_len': 23}
[round 647] {'round': 647, 'utc': '2026-10-09T16:43:02.350511+00:00', 'grid': 5, 'd_h': 1024, 'dream_dose': 3415, 'probes': {'residual': 37.8017, 'sigma': 0.4639, 'alpha': 0.0, 'coverage': 0.9722}, 'action': 'hold', 'grew': False, 'gray': [], 'dream_log_len': 23}
[round 648] {'round': 648, 'utc': '2026-10-09T16:43:22.461672+00:00', 'grid': 5, 'd_h': 1024, 'dream_dose': 3415, 'probes': {'residual': 37.9613, 'sigma': 0.3305, 'alpha': 0.0, 'coverage': 0.9722}, 'action': 'hold', 'grew': False, 'gray': [], 'dream_log_len': 23}
[round 649] {'round': 649, 'utc': '2026-10-09T16:43:40.961143+00:00', 'grid': 5, 'd_h': 1024, 'dream_dose': 3415, 'probes': {'residual': 37.728, 'sigma': 0.3585, 'alpha': 0.0, 'coverage': 0.9722}, 'action': 'hold', 'grew': False, 'gray': [], 'dream_log_len': 23}
[round 650] {'round': 650, 'utc': '2026-10-09T16:43:59.372121+00:00', 'grid': 5, 'd_h': 1024, 'dream_dose': 3415, 'probes': {'residual': 36.198, 'sigma': 0.5506, 'alpha': 0.0, 'coverage': 0.9722}, 'action': 'hold', 'grew': False, 'gray': [], 'dream_log_len': 23}
[round 651] {'round': 651, 'utc': '2026-10-09T16:44:18.076191+00:00', 'grid': 5, 'd_h': 1024, 'dream_dose': 3415, 'probes': {'residual': 36.7258, 'sigma': 0.9892, 'alpha': 0.0, 'coverage': 0.9722}, 'action': 'hold', 'grew': False, 'gray': [], 'dream_log_len': 23}
[round 652] {'round': 652, 'utc': '2026-10-09T16:44:37.179109+00:00', 'grid': 5, 'd_h': 1024, 'dream_dose': 3415, 'probes': {'residual': 37.358, 'sigma': 0.9798, 'alpha': 0.0, 'coverage': 0.9722}, 'action': 'hold', 'grew': False, 'gray': [], 'dream_log_len': 23}
[round 653] {'round': 653, 'utc': '2026-10-09T16:44:56.079751+00:00', 'grid': 5, 'd_h': 1024, 'dream_dose': 3415, 'probes': {'residual': 37.1014, 'sigma': 0.8724, 'alpha': 0.0, 'coverage': 0.9722}, 'action': 'hold', 'grew': False, 'gray': [], 'dream_log_len': 23}
[round 654] {'round': 654, 'utc': '2026-10-09T16:45:15.291095+00:00', 'grid': 5, 'd_h': 1024, 'dream_dose': 3415, 'probes': {'residual': 37.3627, 'sigma': 0.7084, 'alpha': 0.0, 'coverage': 0.9722}, 'action': 'hold', 'grew': False, 'gray': [], 'dream_log_len': 23}
[round 655] {'round': 655, 'utc': '2026-10-09T16:45:34.183734+00:00', 'grid': 5, 'd_h': 1024, 'dream_dose': 3415, 'probes': {'residual': 37.6681, 'sigma': 0.9179, 'alpha': 0.0, 'coverage': 0.9722}, 'action': 'hold', 'grew': False, 'gray': [], 'dream_log_len': 23}
[round 656] {'round': 656, 'utc': '2026-10-09T16:45:52.814158+00:00', 'grid': 5, 'd_h': 1024, 'dream_dose': 3415, 'probes': {'residual': 37.3607, 'sigma': 0.4525, 'alpha': 0.0, 'coverage': 0.9722}, 'action': 'hold', 'grew': False, 'gray': [], 'dream_log_len': 23}
[round 657] {'round': 657, 'utc': '2026-10-09T16:46:11.771341+00:00', 'grid': 5, 'd_h': 1024, 'dream_dose': 3415, 'probes': {'residual': 36.4865, 'sigma': 1.1408, 'alpha': 0.0, 'coverage': 0.9722}, 'action': 'hold', 'grew': False, 'gray': [], 'dream_log_len': 23}
[round 658] {'round': 658, 'utc': '2026-10-09T16:46:30.652772+00:00', 'grid': 5, 'd_h': 1024, 'dream_dose': 3415, 'probes': {'residual': 36.5284, 'sigma': 0.8776, 'alpha': 0.0, 'coverage': 0.9722}, 'action': 'hold', 'grew': False, 'gray': [], 'dream_log_len': 23}
[round 659] {'round': 659, 'utc': '2026-10-09T16:46:49.668929+00:00', 'grid': 5, 'd_h': 1024, 'dream_dose': 3415, 'probes': {'residual': 37.0633, 'sigma': 0.805, 'alpha': 0.0, 'coverage': 0.9722}, 'action': 'hold', 'grew': False, 'gray': [], 'dream_log_len': 23}
[round 660] {'round': 660, 'utc': '2026-10-09T16:47:08.199666+00:00', 'grid': 5, 'd_h': 1024, 'dream_dose': 3415, 'probes': {'residual': 36.3264, 'sigma': 0.841, 'alpha': 0.0, 'coverage': 0.9722}, 'action': 'hold', 'grew': False, 'gray': [], 'dream_log_len': 23}
[round 661] {'round': 661, 'utc': '2026-10-09T16:47:27.242886+00:00', 'grid': 5, 'd_h': 1024, 'dream_dose': 3415, 'probes': {'residual': 35.3175, 'sigma': 0.9174, 'alpha': 0.0, 'coverage': 0.9722}, 'action': 'hold', 'grew': False, 'gray': [], 'dream_log_len': 23}
[round 662] {'round': 662, 'utc': '2026-10-09T16:47:46.129143+00:00', 'grid': 5, 'd_h': 1024, 'dream_dose': 3415, 'probes': {'residual': 35.1878, 'sigma': 0.5576, 'alpha': 0.0, 'coverage': 0.9722}, 'action': 'hold', 'grew': False, 'gray': [], 'dream_log_len': 23}
[round 663] {'round': 663, 'utc': '2026-10-09T16:48:05.120443+00:00', 'grid': 5, 'd_h': 1024, 'dream_dose': 3415, 'probes': {'residual': 35.3717, 'sigma': 0.4003, 'alpha': 0.0, 'coverage': 0.9722}, 'action': 'hold', 'grew': False, 'gray': [], 'dream_log_len': 23}
[round 664] {'round': 664, 'utc': '2026-10-09T16:48:24.035558+00:00', 'grid': 5, 'd_h': 1024, 'dream_dose': 3415, 'probes': {'residual': 36.031, 'sigma': 0.2164, 'alpha': 0.0, 'coverage': 0.9722}, 'action': 'hold', 'grew': False, 'gray': [], 'dream_log_len': 23}
[round 665] {'round': 665, 'utc': '2026-10-09T16:48:42.504408+00:00', 'grid': 5, 'd_h': 1024, 'dream_dose': 3415, 'probes': {'residual': 35.9279, 'sigma': 0.1893, 'alpha': 0.0, 'coverage': 0.9722}, 'action': 'hold', 'grew': False, 'gray': [], 'dream_log_len': 23}
[round 666] {'round': 666, 'utc': '2026-10-09T16:49:01.185361+00:00', 'grid': 5, 'd_h': 1024, 'dream_dose': 3415, 'probes': {'residual': 36.3653, 'sigma': 0.1796, 'alpha': 0.0, 'coverage': 0.9722}, 'action': 'hold', 'grew': False, 'gray': [], 'dream_log_len': 23}
[round 667] {'round': 667, 'utc': '2026-10-09T16:49:19.638221+00:00', 'grid': 5, 'd_h': 1024, 'dream_dose': 3415, 'probes': {'residual': 36.7072, 'sigma': 0.1184, 'alpha': 0.0, 'coverage': 0.9722}, 'action': 'hold', 'grew': False, 'gray': [], 'dream_log_len': 23}
[round 668] {'round': 668, 'utc': '2026-10-09T16:49:38.280834+00:00', 'grid': 5, 'd_h': 1024, 'dream_dose': 3415, 'probes': {'residual': 37.4053, 'sigma': 0.162, 'alpha': 0.0, 'coverage': 0.9722}, 'action': 'hold', 'grew': False, 'gray': [], 'dream_log_len': 23}
[round 669] {'round': 669, 'utc': '2026-10-09T16:49:56.968165+00:00', 'grid': 5, 'd_h': 1024, 'dream_dose': 3415, 'probes': {'residual': 36.754, 'sigma': 0.1498, 'alpha': 0.0, 'coverage': 0.9722}, 'action': 'hold', 'grew': False, 'gray': [], 'dream_log_len': 23}
[round 670] {'round': 670, 'utc': '2026-10-09T16:50:15.515097+00:00', 'grid': 5, 'd_h': 1024, 'dream_dose': 3415, 'probes': {'residual': 36.6577, 'sigma': 0.1482, 'alpha': 0.0, 'coverage': 0.9722}, 'action': 'hold', 'grew': False, 'gray': [], 'dream_log_len': 23}
[round 671] {'round': 671, 'utc': '2026-10-09T16:50:33.926609+00:00', 'grid': 5, 'd_h': 1024, 'dream_dose': 3415, 'probes': {'residual': 36.4915, 'sigma': 0.2668, 'alpha': 0.0, 'coverage': 0.9722}, 'action': 'hold', 'grew': False, 'gray': [], 'dream_log_len': 23}
[round 672] {'round': 672, 'utc': '2026-10-09T16:50:52.586161+00:00', 'grid': 5, 'd_h': 1024, 'dream_dose': 3415, 'probes': {'residual': 36.7554, 'sigma': 0.2346, 'alpha': 0.0, 'coverage': 0.9722}, 'action': 'hold', 'grew': False, 'gray': [], 'dream_log_len': 23}
[round 673] {'round': 673, 'utc': '2026-10-09T16:51:11.325095+00:00', 'grid': 5, 'd_h': 1024, 'dream_dose': 3415, 'probes': {'residual': 36.5151, 'sigma': 0.1387, 'alpha': 0.0, 'coverage': 0.9722}, 'action': 'hold', 'grew': False, 'gray': [], 'dream_log_len': 23}
[round 674] {'round': 674, 'utc': '2026-10-09T16:51:30.269144+00:00', 'grid': 5, 'd_h': 1024, 'dream_dose': 3415, 'probes': {'residual': 35.7394, 'sigma': 0.1551, 'alpha': 0.0, 'coverage': 0.9722}, 'action': 'hold', 'grew': False, 'gray': [], 'dream_log_len': 23}
[round 675] {'round': 675, 'utc': '2026-10-09T16:51:49.105533+00:00', 'grid': 5, 'd_h': 1024, 'dream_dose': 3415, 'probes': {'residual': 35.7455, 'sigma': 0.2397, 'alpha': 0.0, 'coverage': 0.9722}, 'action': 'hold', 'grew': False, 'gray': [], 'dream_log_len': 23}
[round 676] {'round': 676, 'utc': '2026-10-09T16:52:07.919511+00:00', 'grid': 5, 'd_h': 1024, 'dream_dose': 3415, 'probes': {'residual': 35.6196, 'sigma': 0.2808, 'alpha': 0.0, 'coverage': 0.9722}, 'action': 'hold', 'grew': False, 'gray': [], 'dream_log_len': 23}
[round 677] {'round': 677, 'utc': '2026-10-09T16:52:26.930334+00:00', 'grid': 5, 'd_h': 1024, 'dream_dose': 3415, 'probes': {'residual': 35.6976, 'sigma': 0.39, 'alpha': 0.0, 'coverage': 0.9722}, 'action': 'hold', 'grew': False, 'gray': [], 'dream_log_len': 23}
[round 678] {'round': 678, 'utc': '2026-10-09T16:52:46.132134+00:00', 'grid': 5, 'd_h': 1024, 'dream_dose': 3415, 'probes': {'residual': 36.1403, 'sigma': 0.7521, 'alpha': 0.0, 'coverage': 0.9722}, 'action': 'hold', 'grew': False, 'gray': [], 'dream_log_len': 23}
[round 679] {'round': 679, 'utc': '2026-10-09T16:53:05.206315+00:00', 'grid': 5, 'd_h': 1024, 'dream_dose': 3415, 'probes': {'residual': 36.3868, 'sigma': 0.6835, 'alpha': 0.0, 'coverage': 0.9722}, 'action': 'hold', 'grew': False, 'gray': [], 'dream_log_len': 23}
[round 680] {'round': 680, 'utc': '2026-10-09T16:53:25.720614+00:00', 'grid': 5, 'd_h': 1024, 'dream_dose': 3415, 'probes': {'residual': 36.9459, 'sigma': 0.2325, 'alpha': 0.0, 'coverage': 0.9722}, 'action': 'hold', 'grew': False, 'gray': [], 'dream_log_len': 23}
[round 681] {'round': 681, 'utc': '2026-10-09T16:53:44.983277+00:00', 'grid': 5, 'd_h': 1024, 'dream_dose': 3415, 'probes': {'residual': 37.5119, 'sigma': 0.1823, 'alpha': 0.0, 'coverage': 0.9722}, 'action': 'hold', 'grew': False, 'gray': [], 'dream_log_len': 23}
[round 682] {'round': 682, 'utc': '2026-10-09T16:54:03.958317+00:00', 'grid': 5, 'd_h': 1024, 'dream_dose': 3415, 'probes': {'residual': 37.4442, 'sigma': 0.2923, 'alpha': 0.0, 'coverage': 0.9722}, 'action': 'hold', 'grew': False, 'gray': [], 'dream_log_len': 23}
[round 683] {'round': 683, 'utc': '2026-10-09T16:54:23.088065+00:00', 'grid': 5, 'd_h': 1024, 'dream_dose': 3415, 'probes': {'residual': 37.0463, 'sigma': 0.2286, 'alpha': 0.0, 'coverage': 0.9722}, 'action': 'hold', 'grew': False, 'gray': [], 'dream_log_len': 23}
[round 684] {'round': 684, 'utc': '2026-10-09T16:54:42.119935+00:00', 'grid': 5, 'd_h': 1024, 'dream_dose': 3415, 'probes': {'residual': 36.6617, 'sigma': 0.633, 'alpha': 0.0, 'coverage': 0.9722}, 'action': 'hold', 'grew': False, 'gray': [], 'dream_log_len': 23}
[round 685] {'round': 685, 'utc': '2026-10-09T16:55:01.713278+00:00', 'grid': 5, 'd_h': 1024, 'dream_dose': 3415, 'probes': {'residual': 37.2372, 'sigma': 0.4136, 'alpha': 0.0, 'coverage': 0.9722}, 'action': 'hold', 'grew': False, 'gray': [], 'dream_log_len': 23}
[round 686] {'round': 686, 'utc': '2026-10-09T16:55:21.127879+00:00', 'grid': 5, 'd_h': 1024, 'dream_dose': 3415, 'probes': {'residual': 37.4436, 'sigma': 0.3704, 'alpha': 0.0, 'coverage': 0.9722}, 'action': 'hold', 'grew': False, 'gray': [], 'dream_log_len': 23}
[round 687] {'round': 687, 'utc': '2026-10-09T16:55:40.562685+00:00', 'grid': 5, 'd_h': 1024, 'dream_dose': 3415, 'probes': {'residual': 36.6524, 'sigma': 0.4289, 'alpha': 0.0, 'coverage': 0.9722}, 'action': 'hold', 'grew': False, 'gray': [], 'dream_log_len': 23}
[round 688] {'round': 688, 'utc': '2026-10-09T16:56:00.181716+00:00', 'grid': 5, 'd_h': 1024, 'dream_dose': 3415, 'probes': {'residual': 36.7048, 'sigma': 0.326, 'alpha': 0.0, 'coverage': 0.9722}, 'action': 'hold', 'grew': False, 'gray': [], 'dream_log_len': 23}
[round 689] {'round': 689, 'utc': '2026-10-09T16:56:19.614772+00:00', 'grid': 5, 'd_h': 1024, 'dream_dose': 3415, 'probes': {'residual': 37.2415, 'sigma': 0.2464, 'alpha': 0.0, 'coverage': 0.9722}, 'action': 'hold', 'grew': False, 'gray': [], 'dream_log_len': 23}
[round 690] {'round': 690, 'utc': '2026-10-09T16:56:38.688490+00:00', 'grid': 5, 'd_h': 1024, 'dream_dose': 3415, 'probes': {'residual': 37.2374, 'sigma': 0.4667, 'alpha': 0.0, 'coverage': 0.9722}, 'action': 'hold', 'grew': False, 'gray': [], 'dream_log_len': 23}
[round 691] {'round': 691, 'utc': '2026-10-09T16:56:58.023522+00:00', 'grid': 5, 'd_h': 1024, 'dream_dose': 3415, 'probes': {'residual': 37.2849, 'sigma': 0.6685, 'alpha': 0.0, 'coverage': 0.9722}, 'action': 'hold', 'grew': False, 'gray': [], 'dream_log_len': 23}
[round 692] {'round': 692, 'utc': '2026-10-09T16:57:17.848886+00:00', 'grid': 5, 'd_h': 1024, 'dream_dose': 3415, 'probes': {'residual': 39.0412, 'sigma': 0.3725, 'alpha': 0.0, 'coverage': 0.9722}, 'action': 'hold', 'grew': False, 'gray': [], 'dream_log_len': 23}
[round 693] {'round': 693, 'utc': '2026-10-09T16:57:37.347188+00:00', 'grid': 5, 'd_h': 1024, 'dream_dose': 3415, 'probes': {'residual': 39.057, 'sigma': 0.4423, 'alpha': 0.0, 'coverage': 0.9722}, 'action': 'hold', 'grew': False, 'gray': [], 'dream_log_len': 23}
[round 694] {'round': 694, 'utc': '2026-10-09T16:57:56.392725+00:00', 'grid': 5, 'd_h': 1024, 'dream_dose': 3415, 'probes': {'residual': 38.9317, 'sigma': 0.531, 'alpha': 0.0, 'coverage': 0.9722}, 'action': 'hold', 'grew': False, 'gray': [], 'dream_log_len': 23}
[round 695] {'round': 695, 'utc': '2026-10-09T16:58:15.309069+00:00', 'grid': 5, 'd_h': 1024, 'dream_dose': 3415, 'probes': {'residual': 38.5562, 'sigma': 0.3135, 'alpha': 0.0, 'coverage': 0.9722}, 'action': 'hold', 'grew': False, 'gray': [], 'dream_log_len': 23}
[round 696] {'round': 696, 'utc': '2026-10-09T16:58:34.239079+00:00', 'grid': 5, 'd_h': 1024, 'dream_dose': 3415, 'probes': {'residual': 38.1561, 'sigma': 0.1907, 'alpha': 0.0, 'coverage': 0.9722}, 'action': 'hold', 'grew': False, 'gray': [], 'dream_log_len': 23}
[round 697] {'round': 697, 'utc': '2026-10-09T16:58:53.005250+00:00', 'grid': 5, 'd_h': 1024, 'dream_dose': 3415, 'probes': {'residual': 37.4438, 'sigma': 0.1461, 'alpha': 0.0, 'coverage': 0.9722}, 'action': 'hold', 'grew': False, 'gray': [], 'dream_log_len': 23}
[round 698] {'round': 698, 'utc': '2026-10-09T16:59:11.702239+00:00', 'grid': 5, 'd_h': 1024, 'dream_dose': 3415, 'probes': {'residual': 36.9431, 'sigma': 0.391, 'alpha': 0.0, 'coverage': 0.9722}, 'action': 'hold', 'grew': False, 'gray': [], 'dream_log_len': 23}
[round 699] {'round': 699, 'utc': '2026-10-09T16:59:30.559919+00:00', 'grid': 5, 'd_h': 1024, 'dream_dose': 3415, 'probes': {'residual': 35.9977, 'sigma': 0.2577, 'alpha': 0.0, 'coverage': 0.9722}, 'action': 'hold', 'grew': False, 'gray': [], 'dream_log_len': 23}
[round 700] {'round': 700, 'utc': '2026-10-09T16:59:49.158356+00:00', 'grid': 5, 'd_h': 1024, 'dream_dose': 3415, 'probes': {'residual': 35.8881, 'sigma': 0.1374, 'alpha': 0.0, 'coverage': 0.9722}, 'action': 'hold', 'grew': False, 'gray': [], 'dream_log_len': 23}
[round 701] {'round': 701, 'utc': '2026-10-09T17:00:07.738139+00:00', 'grid': 5, 'd_h': 1024, 'dream_dose': 3415, 'probes': {'residual': 35.5166, 'sigma': 0.2473, 'alpha': 0.0, 'coverage': 0.9722}, 'action': 'hold', 'grew': False, 'gray': [], 'dream_log_len': 23}
[round 702] {'round': 702, 'utc': '2026-10-09T17:00:26.389072+00:00', 'grid': 5, 'd_h': 1024, 'dream_dose': 3415, 'probes': {'residual': 34.4764, 'sigma': 0.7036, 'alpha': 0.0, 'coverage': 0.9722}, 'action': 'hold', 'grew': False, 'gray': [], 'dream_log_len': 23}
[round 703] {'round': 703, 'utc': '2026-10-09T17:00:45.414461+00:00', 'grid': 5, 'd_h': 1024, 'dream_dose': 3415, 'probes': {'residual': 34.4286, 'sigma': 0.9601, 'alpha': 0.0, 'coverage': 0.9722}, 'action': 'hold', 'grew': False, 'gray': [], 'dream_log_len': 23}
[round 704] {'round': 704, 'utc': '2026-10-09T17:01:04.287711+00:00', 'grid': 5, 'd_h': 1024, 'dream_dose': 3415, 'probes': {'residual': 34.6931, 'sigma': 1.0272, 'alpha': 0.0, 'coverage': 0.9722}, 'action': 'hold', 'grew': False, 'gray': [], 'dream_log_len': 23}
[round 705] {'round': 705, 'utc': '2026-10-09T17:01:23.260953+00:00', 'grid': 5, 'd_h': 1024, 'dream_dose': 3415, 'probes': {'residual': 34.5099, 'sigma': 0.5869, 'alpha': 0.0, 'coverage': 0.9722}, 'action': 'hold', 'grew': False, 'gray': [], 'dream_log_len': 23}
[round 706] {'round': 706, 'utc': '2026-10-09T17:01:42.126421+00:00', 'grid': 5, 'd_h': 1024, 'dream_dose': 3415, 'probes': {'residual': 34.7756, 'sigma': 0.6007, 'alpha': 0.0, 'coverage': 0.9722}, 'action': 'hold', 'grew': False, 'gray': [], 'dream_log_len': 23}
[round 707] {'round': 707, 'utc': '2026-10-09T17:02:01.030604+00:00', 'grid': 5, 'd_h': 1024, 'dream_dose': 3415, 'probes': {'residual': 34.2666, 'sigma': 0.8876, 'alpha': 0.0, 'coverage': 0.9722}, 'action': 'hold', 'grew': False, 'gray': [], 'dream_log_len': 23}
[round 708] {'round': 708, 'utc': '2026-10-09T17:02:20.065128+00:00', 'grid': 5, 'd_h': 1024, 'dream_dose': 3415, 'probes': {'residual': 36.6712, 'sigma': 0.8035, 'alpha': 0.0, 'coverage': 0.9722}, 'action': 'hold', 'grew': False, 'gray': [], 'dream_log_len': 23}
[round 709] {'round': 709, 'utc': '2026-10-09T17:02:39.007952+00:00', 'grid': 5, 'd_h': 1024, 'dream_dose': 3415, 'probes': {'residual': 36.7216, 'sigma': 0.5137, 'alpha': 0.0, 'coverage': 0.9722}, 'action': 'hold', 'grew': False, 'gray': [], 'dream_log_len': 23}
[round 710] {'round': 710, 'utc': '2026-10-09T17:02:57.935674+00:00', 'grid': 5, 'd_h': 1024, 'dream_dose': 3415, 'probes': {'residual': 35.9855, 'sigma': 0.3906, 'alpha': 0.0, 'coverage': 0.9722}, 'action': 'hold', 'grew': False, 'gray': [], 'dream_log_len': 23}
[round 711] {'round': 711, 'utc': '2026-10-09T17:03:18.377305+00:00', 'grid': 5, 'd_h': 1024, 'dream_dose': 3415, 'probes': {'residual': 35.2503, 'sigma': 0.48, 'alpha': 0.0, 'coverage': 0.9722}, 'action': 'hold', 'grew': False, 'gray': [], 'dream_log_len': 23}
[round 712] {'round': 712, 'utc': '2026-10-09T17:03:37.335248+00:00', 'grid': 5, 'd_h': 1024, 'dream_dose': 3415, 'probes': {'residual': 35.2225, 'sigma': 0.549, 'alpha': 0.0, 'coverage': 0.9722}, 'action': 'hold', 'grew': False, 'gray': [], 'dream_log_len': 23}
[round 713] {'round': 713, 'utc': '2026-10-09T17:03:56.428051+00:00', 'grid': 5, 'd_h': 1024, 'dream_dose': 3415, 'probes': {'residual': 35.4391, 'sigma': 0.5513, 'alpha': 0.0, 'coverage': 0.9722}, 'action': 'hold', 'grew': False, 'gray': [], 'dream_log_len': 23}
[round 714] {'round': 714, 'utc': '2026-10-09T17:04:15.604661+00:00', 'grid': 5, 'd_h': 1024, 'dream_dose': 3415, 'probes': {'residual': 34.9467, 'sigma': 0.4691, 'alpha': 0.0, 'coverage': 0.9722}, 'action': 'hold', 'grew': False, 'gray': [], 'dream_log_len': 23}
[round 715] {'round': 715, 'utc': '2026-10-09T17:04:34.756879+00:00', 'grid': 5, 'd_h': 1024, 'dream_dose': 3415, 'probes': {'residual': 35.5308, 'sigma': 0.5108, 'alpha': 0.0, 'coverage': 0.9722}, 'action': 'hold', 'grew': False, 'gray': [], 'dream_log_len': 23}
[round 716] {'round': 716, 'utc': '2026-10-09T17:04:54.014632+00:00', 'grid': 5, 'd_h': 1024, 'dream_dose': 3415, 'probes': {'residual': 35.155, 'sigma': 0.3827, 'alpha': 0.0, 'coverage': 0.9722}, 'action': 'hold', 'grew': False, 'gray': [], 'dream_log_len': 23}
[round 717] {'round': 717, 'utc': '2026-10-09T17:05:13.205094+00:00', 'grid': 5, 'd_h': 1024, 'dream_dose': 3415, 'probes': {'residual': 35.0952, 'sigma': 0.3675, 'alpha': 0.0, 'coverage': 0.9722}, 'action': 'hold', 'grew': False, 'gray': [], 'dream_log_len': 23}
[round 718] {'round': 718, 'utc': '2026-10-09T17:05:32.361230+00:00', 'grid': 5, 'd_h': 1024, 'dream_dose': 3415, 'probes': {'residual': 34.7382, 'sigma': 0.384, 'alpha': 0.0, 'coverage': 0.9722}, 'action': 'hold', 'grew': False, 'gray': [], 'dream_log_len': 23}
[round 719] {'round': 719, 'utc': '2026-10-09T17:05:51.484435+00:00', 'grid': 5, 'd_h': 1024, 'dream_dose': 3415, 'probes': {'residual': 34.0872, 'sigma': 0.6633, 'alpha': 0.0, 'coverage': 0.9722}, 'action': 'hold', 'grew': False, 'gray': [], 'dream_log_len': 23}
[round 720] {'round': 720, 'utc': '2026-10-09T17:06:10.510684+00:00', 'grid': 5, 'd_h': 1024, 'dream_dose': 3415, 'probes': {'residual': 34.1448, 'sigma': 0.7331, 'alpha': 0.0, 'coverage': 0.9722}, 'action': 'hold', 'grew': False, 'gray': [], 'dream_log_len': 23}
[round 721] {'round': 721, 'utc': '2026-10-09T17:06:29.927306+00:00', 'grid': 5, 'd_h': 1024, 'dream_dose': 3415, 'probes': {'residual': 35.2245, 'sigma': 0.7504, 'alpha': 0.0, 'coverage': 0.9722}, 'action': 'hold', 'grew': False, 'gray': [], 'dream_log_len': 23}
[round 722] {'round': 722, 'utc': '2026-10-09T17:06:48.803251+00:00', 'grid': 5, 'd_h': 1024, 'dream_dose': 3415, 'probes': {'residual': 34.7569, 'sigma': 0.4827, 'alpha': 0.0, 'coverage': 0.9722}, 'action': 'hold', 'grew': False, 'gray': [], 'dream_log_len': 23}
[round 723] {'round': 723, 'utc': '2026-10-09T17:07:07.691563+00:00', 'grid': 5, 'd_h': 1024, 'dream_dose': 3415, 'probes': {'residual': 34.9069, 'sigma': 1.343, 'alpha': 0.0, 'coverage': 0.9722}, 'action': 'hold', 'grew': False, 'gray': [], 'dream_log_len': 23}
[round 724] {'round': 724, 'utc': '2026-10-09T17:07:26.725294+00:00', 'grid': 5, 'd_h': 1024, 'dream_dose': 3415, 'probes': {'residual': 34.9954, 'sigma': 0.4727, 'alpha': 0.0, 'coverage': 0.9722}, 'action': 'hold', 'grew': False, 'gray': [], 'dream_log_len': 23}
[round 725] {'round': 725, 'utc': '2026-10-09T17:07:45.794721+00:00', 'grid': 5, 'd_h': 1024, 'dream_dose': 3415, 'probes': {'residual': 34.553, 'sigma': 0.2721, 'alpha': 0.0, 'coverage': 0.9722}, 'action': 'hold', 'grew': False, 'gray': [], 'dream_log_len': 23}
[round 726] {'round': 726, 'utc': '2026-10-09T17:08:04.919526+00:00', 'grid': 5, 'd_h': 1024, 'dream_dose': 3415, 'probes': {'residual': 35.4613, 'sigma': 0.4594, 'alpha': 0.0, 'coverage': 0.9722}, 'action': 'hold', 'grew': False, 'gray': [], 'dream_log_len': 23}
[round 727] {'round': 727, 'utc': '2026-10-09T17:08:24.019699+00:00', 'grid': 5, 'd_h': 1024, 'dream_dose': 3415, 'probes': {'residual': 35.3963, 'sigma': 0.4147, 'alpha': 0.0, 'coverage': 0.9722}, 'action': 'hold', 'grew': False, 'gray': [], 'dream_log_len': 23}
[round 728] {'round': 728, 'utc': '2026-10-09T17:08:43.265749+00:00', 'grid': 5, 'd_h': 1024, 'dream_dose': 3415, 'probes': {'residual': 35.6741, 'sigma': 0.4416, 'alpha': 0.0, 'coverage': 0.9722}, 'action': 'hold', 'grew': False, 'gray': [], 'dream_log_len': 23}
[round 729] {'round': 729, 'utc': '2026-10-09T17:09:02.548095+00:00', 'grid': 5, 'd_h': 1024, 'dream_dose': 3415, 'probes': {'residual': 35.402, 'sigma': 1.2306, 'alpha': 0.0, 'coverage': 0.9722}, 'action': 'hold', 'grew': False, 'gray': [], 'dream_log_len': 23}
[round 730] {'round': 730, 'utc': '2026-10-09T17:09:21.927584+00:00', 'grid': 5, 'd_h': 1024, 'dream_dose': 3415, 'probes': {'residual': 35.398, 'sigma': 0.9941, 'alpha': 0.0, 'coverage': 0.9722}, 'action': 'hold', 'grew': False, 'gray': [], 'dream_log_len': 23}
[round 731] {'round': 731, 'utc': '2026-10-09T17:09:41.045306+00:00', 'grid': 5, 'd_h': 1024, 'dream_dose': 3415, 'probes': {'residual': 34.9751, 'sigma': 0.6267, 'alpha': 0.0, 'coverage': 0.9722}, 'action': 'hold', 'grew': False, 'gray': [], 'dream_log_len': 23}
[round 732] {'round': 732, 'utc': '2026-10-09T17:10:00.494281+00:00', 'grid': 5, 'd_h': 1024, 'dream_dose': 3415, 'probes': {'residual': 35.4245, 'sigma': 2.1829, 'alpha': 0.0, 'coverage': 0.9722}, 'action': 'hold', 'grew': False, 'gray': [], 'dream_log_len': 23}
[round 733] {'round': 733, 'utc': '2026-10-09T17:10:19.667207+00:00', 'grid': 5, 'd_h': 1024, 'dream_dose': 3415, 'probes': {'residual': 34.8523, 'sigma': 1.2055, 'alpha': 0.0, 'coverage': 0.9722}, 'action': 'hold', 'grew': False, 'gray': [], 'dream_log_len': 23}
[round 734] {'round': 734, 'utc': '2026-10-09T17:10:38.876804+00:00', 'grid': 5, 'd_h': 1024, 'dream_dose': 3415, 'probes': {'residual': 35.021, 'sigma': 0.9643, 'alpha': 0.0, 'coverage': 0.9722}, 'action': 'hold', 'grew': False, 'gray': [], 'dream_log_len': 23}
[round 735] {'round': 735, 'utc': '2026-10-09T17:10:58.085873+00:00', 'grid': 5, 'd_h': 1024, 'dream_dose': 3415, 'probes': {'residual': 34.4039, 'sigma': 0.3567, 'alpha': 0.0, 'coverage': 0.9722}, 'action': 'hold', 'grew': False, 'gray': [], 'dream_log_len': 23}
[round 736] {'round': 736, 'utc': '2026-10-09T17:11:17.468712+00:00', 'grid': 5, 'd_h': 1024, 'dream_dose': 3415, 'probes': {'residual': 34.6309, 'sigma': 0.393, 'alpha': 0.0, 'coverage': 0.9722}, 'action': 'hold', 'grew': False, 'gray': [], 'dream_log_len': 23}
[round 737] {'round': 737, 'utc': '2026-10-09T17:11:36.739543+00:00', 'grid': 5, 'd_h': 1024, 'dream_dose': 3415, 'probes': {'residual': 34.8194, 'sigma': 0.2447, 'alpha': 0.0, 'coverage': 0.9722}, 'action': 'hold', 'grew': False, 'gray': [], 'dream_log_len': 23}
[round 738] {'round': 738, 'utc': '2026-10-09T17:11:56.020655+00:00', 'grid': 5, 'd_h': 1024, 'dream_dose': 3415, 'probes': {'residual': 34.0726, 'sigma': 0.1752, 'alpha': 0.0, 'coverage': 0.9722}, 'action': 'hold', 'grew': False, 'gray': [], 'dream_log_len': 23}
[round 739] {'round': 739, 'utc': '2026-10-09T17:12:15.318542+00:00', 'grid': 5, 'd_h': 1024, 'dream_dose': 3415, 'probes': {'residual': 34.7025, 'sigma': 0.1929, 'alpha': 0.0, 'coverage': 0.9722}, 'action': 'hold', 'grew': False, 'gray': [], 'dream_log_len': 23}
[round 740] {'round': 740, 'utc': '2026-10-09T17:12:34.521421+00:00', 'grid': 5, 'd_h': 1024, 'dream_dose': 3415, 'probes': {'residual': 34.4949, 'sigma': 0.2223, 'alpha': 0.0, 'coverage': 0.9722}, 'action': 'hold', 'grew': False, 'gray': [], 'dream_log_len': 23}
[round 741] {'round': 741, 'utc': '2026-10-09T17:12:53.796356+00:00', 'grid': 5, 'd_h': 1024, 'dream_dose': 3415, 'probes': {'residual': 34.3665, 'sigma': 0.2232, 'alpha': 0.0, 'coverage': 0.9722}, 'action': 'hold', 'grew': False, 'gray': [], 'dream_log_len': 23}
[round 742] {'round': 742, 'utc': '2026-10-09T17:13:14.573607+00:00', 'grid': 5, 'd_h': 1024, 'dream_dose': 3415, 'probes': {'residual': 34.0233, 'sigma': 0.2615, 'alpha': 0.0, 'coverage': 0.9722}, 'action': 'hold', 'grew': False, 'gray': [], 'dream_log_len': 23}
[round 743] {'round': 743, 'utc': '2026-10-09T17:13:34.127233+00:00', 'grid': 5, 'd_h': 1024, 'dream_dose': 3415, 'probes': {'residual': 34.1603, 'sigma': 0.2109, 'alpha': 0.0, 'coverage': 0.9722}, 'action': 'hold', 'grew': False, 'gray': [], 'dream_log_len': 23}
[round 744] {'round': 744, 'utc': '2026-10-09T17:13:53.669720+00:00', 'grid': 5, 'd_h': 1024, 'dream_dose': 3415, 'probes': {'residual': 33.5033, 'sigma': 0.2718, 'alpha': 0.0, 'coverage': 0.9722}, 'action': 'hold', 'grew': False, 'gray': [], 'dream_log_len': 23}
[round 745] {'round': 745, 'utc': '2026-10-09T17:14:13.331664+00:00', 'grid': 5, 'd_h': 1024, 'dream_dose': 3415, 'probes': {'residual': 33.6633, 'sigma': 0.6494, 'alpha': 0.0, 'coverage': 0.9722}, 'action': 'hold', 'grew': False, 'gray': [], 'dream_log_len': 23}
[round 746] {'round': 746, 'utc': '2026-10-09T17:14:32.943086+00:00', 'grid': 5, 'd_h': 1024, 'dream_dose': 3415, 'probes': {'residual': 33.3184, 'sigma': 0.896, 'alpha': 0.0, 'coverage': 0.9722}, 'action': 'hold', 'grew': False, 'gray': [], 'dream_log_len': 23}
[round 747] {'round': 747, 'utc': '2026-10-09T17:14:52.870818+00:00', 'grid': 5, 'd_h': 1024, 'dream_dose': 3415, 'probes': {'residual': 34.1256, 'sigma': 0.5761, 'alpha': 0.0, 'coverage': 0.9722}, 'action': 'hold', 'grew': False, 'gray': [], 'dream_log_len': 23}
[round 748] {'round': 748, 'utc': '2026-10-09T17:15:12.465097+00:00', 'grid': 5, 'd_h': 1024, 'dream_dose': 3415, 'probes': {'residual': 34.9665, 'sigma': 0.7732, 'alpha': 0.0, 'coverage': 0.9722}, 'action': 'hold', 'grew': False, 'gray': [], 'dream_log_len': 23}
[round 749] {'round': 749, 'utc': '2026-10-09T17:15:32.180904+00:00', 'grid': 5, 'd_h': 1024, 'dream_dose': 3415, 'probes': {'residual': 34.0885, 'sigma': 0.6923, 'alpha': 0.0, 'coverage': 0.9722}, 'action': 'hold', 'grew': False, 'gray': [], 'dream_log_len': 23}
[round 750] {'round': 750, 'utc': '2026-10-09T17:15:51.951003+00:00', 'grid': 5, 'd_h': 1024, 'dream_dose': 3415, 'probes': {'residual': 33.6858, 'sigma': 0.2691, 'alpha': 0.0, 'coverage': 0.9722}, 'action': 'hold', 'grew': False, 'gray': [], 'dream_log_len': 23}
[round 751] {'round': 751, 'utc': '2026-10-09T17:16:11.962179+00:00', 'grid': 5, 'd_h': 1024, 'dream_dose': 3415, 'probes': {'residual': 34.8716, 'sigma': 0.1682, 'alpha': 0.0, 'coverage': 0.9722}, 'action': 'hold', 'grew': False, 'gray': [], 'dream_log_len': 23}
[round 752] {'round': 752, 'utc': '2026-10-09T17:16:31.889314+00:00', 'grid': 5, 'd_h': 1024, 'dream_dose': 3415, 'probes': {'residual': 33.4127, 'sigma': 0.4284, 'alpha': 0.0, 'coverage': 0.9722}, 'action': 'hold', 'grew': False, 'gray': [], 'dream_log_len': 23}
[round 753] {'round': 753, 'utc': '2026-10-09T17:16:52.160617+00:00', 'grid': 5, 'd_h': 1024, 'dream_dose': 3415, 'probes': {'residual': 34.3297, 'sigma': 0.2598, 'alpha': 0.0, 'coverage': 0.9722}, 'action': 'hold', 'grew': False, 'gray': [], 'dream_log_len': 23}
[round 754] {'round': 754, 'utc': '2026-10-09T17:17:12.444039+00:00', 'grid': 5, 'd_h': 1024, 'dream_dose': 3415, 'probes': {'residual': 33.6845, 'sigma': 0.4382, 'alpha': 0.0, 'coverage': 0.9722}, 'action': 'hold', 'grew': False, 'gray': [], 'dream_log_len': 23}
[round 755] {'round': 755, 'utc': '2026-10-09T17:17:32.573813+00:00', 'grid': 5, 'd_h': 1024, 'dream_dose': 3415, 'probes': {'residual': 33.3188, 'sigma': 0.5536, 'alpha': 0.0, 'coverage': 0.9722}, 'action': 'hold', 'grew': False, 'gray': [], 'dream_log_len': 23}
[round 756] {'round': 756, 'utc': '2026-10-09T17:17:52.821362+00:00', 'grid': 5, 'd_h': 1024, 'dream_dose': 3415, 'probes': {'residual': 33.2563, 'sigma': 0.5475, 'alpha': 0.0, 'coverage': 0.9722}, 'action': 'hold', 'grew': False, 'gray': [], 'dream_log_len': 23}
[round 757] {'round': 757, 'utc': '2026-10-09T17:18:13.098806+00:00', 'grid': 5, 'd_h': 1024, 'dream_dose': 3415, 'probes': {'residual': 33.2232, 'sigma': 0.6934, 'alpha': 0.0, 'coverage': 0.9722}, 'action': 'hold', 'grew': False, 'gray': [], 'dream_log_len': 23}
[round 758] {'round': 758, 'utc': '2026-10-09T17:18:33.590484+00:00', 'grid': 5, 'd_h': 1024, 'dream_dose': 3415, 'probes': {'residual': 35.1143, 'sigma': 0.4364, 'alpha': 0.0, 'coverage': 0.9722}, 'action': 'hold', 'grew': False, 'gray': [], 'dream_log_len': 23}
[round 759] {'round': 759, 'utc': '2026-10-09T17:18:53.789114+00:00', 'grid': 5, 'd_h': 1024, 'dream_dose': 3415, 'probes': {'residual': 35.4303, 'sigma': 0.3051, 'alpha': 0.0, 'coverage': 0.9722}, 'action': 'hold', 'grew': False, 'gray': [], 'dream_log_len': 23}
[round 760] {'round': 760, 'utc': '2026-10-09T17:19:14.121527+00:00', 'grid': 5, 'd_h': 1024, 'dream_dose': 3415, 'probes': {'residual': 34.4497, 'sigma': 0.3895, 'alpha': 0.0, 'coverage': 0.9722}, 'action': 'hold', 'grew': False, 'gray': [], 'dream_log_len': 23}
[round 761] {'round': 761, 'utc': '2026-10-09T17:19:34.354002+00:00', 'grid': 5, 'd_h': 1024, 'dream_dose': 3415, 'probes': {'residual': 34.7849, 'sigma': 0.4993, 'alpha': 0.0, 'coverage': 0.9722}, 'action': 'hold', 'grew': False, 'gray': [], 'dream_log_len': 23}
[round 762] {'round': 762, 'utc': '2026-10-09T17:19:54.840248+00:00', 'grid': 5, 'd_h': 1024, 'dream_dose': 3415, 'probes': {'residual': 34.506, 'sigma': 0.2392, 'alpha': 0.0, 'coverage': 0.9722}, 'action': 'hold', 'grew': False, 'gray': [], 'dream_log_len': 23}
[round 763] {'round': 763, 'utc': '2026-10-09T17:20:15.110203+00:00', 'grid': 5, 'd_h': 1024, 'dream_dose': 3415, 'probes': {'residual': 34.2458, 'sigma': 0.3794, 'alpha': 0.0, 'coverage': 0.9722}, 'action': 'hold', 'grew': False, 'gray': [], 'dream_log_len': 23}
[round 764] {'round': 764, 'utc': '2026-10-09T17:20:35.464220+00:00', 'grid': 5, 'd_h': 1024, 'dream_dose': 3415, 'probes': {'residual': 33.808, 'sigma': 1.237, 'alpha': 0.0, 'coverage': 0.9722}, 'action': 'hold', 'grew': False, 'gray': [], 'dream_log_len': 23}
[round 765] {'round': 765, 'utc': '2026-10-09T17:20:56.206186+00:00', 'grid': 5, 'd_h': 1024, 'dream_dose': 3415, 'probes': {'residual': 35.9378, 'sigma': 1.2983, 'alpha': 0.0, 'coverage': 0.9722}, 'action': 'hold', 'grew': False, 'gray': [], 'dream_log_len': 23}
[round 766] {'round': 766, 'utc': '2026-10-09T17:21:16.675656+00:00', 'grid': 5, 'd_h': 1024, 'dream_dose': 3415, 'probes': {'residual': 35.9945, 'sigma': 0.6938, 'alpha': 0.0, 'coverage': 0.9722}, 'action': 'hold', 'grew': False, 'gray': [], 'dream_log_len': 23}
[round 767] {'round': 767, 'utc': '2026-10-09T17:21:37.401684+00:00', 'grid': 5, 'd_h': 1024, 'dream_dose': 3415, 'probes': {'residual': 35.9694, 'sigma': 0.4601, 'alpha': 0.0, 'coverage': 0.9722}, 'action': 'hold', 'grew': False, 'gray': [], 'dream_log_len': 23}
[round 768] {'round': 768, 'utc': '2026-10-09T17:21:58.230458+00:00', 'grid': 5, 'd_h': 1024, 'dream_dose': 3415, 'probes': {'residual': 35.8501, 'sigma': 0.7896, 'alpha': 0.0, 'coverage': 0.9722}, 'action': 'hold', 'grew': False, 'gray': [], 'dream_log_len': 23}
[round 769] {'round': 769, 'utc': '2026-10-09T17:22:19.202571+00:00', 'grid': 5, 'd_h': 1024, 'dream_dose': 3415, 'probes': {'residual': 35.4179, 'sigma': 1.0681, 'alpha': 0.0, 'coverage': 0.9722}, 'action': 'hold', 'grew': False, 'gray': [], 'dream_log_len': 23}
[round 770] {'round': 770, 'utc': '2026-10-09T17:22:39.866070+00:00', 'grid': 5, 'd_h': 1024, 'dream_dose': 3415, 'probes': {'residual': 35.5112, 'sigma': 0.661, 'alpha': 0.0, 'coverage': 0.9722}, 'action': 'hold', 'grew': False, 'gray': [], 'dream_log_len': 23}
[round 771] {'round': 771, 'utc': '2026-10-09T17:23:00.629614+00:00', 'grid': 5, 'd_h': 1024, 'dream_dose': 3415, 'probes': {'residual': 35.2525, 'sigma': 0.1971, 'alpha': 0.0, 'coverage': 0.9722}, 'action': 'hold', 'grew': False, 'gray': [], 'dream_log_len': 23}
[round 772] {'round': 772, 'utc': '2026-10-09T17:23:22.588675+00:00', 'grid': 5, 'd_h': 1024, 'dream_dose': 3415, 'probes': {'residual': 35.3677, 'sigma': 0.2454, 'alpha': 0.0, 'coverage': 0.9722}, 'action': 'hold', 'grew': False, 'gray': [], 'dream_log_len': 23}
[round 773] {'round': 773, 'utc': '2026-10-09T17:23:43.208729+00:00', 'grid': 5, 'd_h': 1024, 'dream_dose': 3415, 'probes': {'residual': 35.2996, 'sigma': 0.1635, 'alpha': 0.0, 'coverage': 0.9722}, 'action': 'hold', 'grew': False, 'gray': [], 'dream_log_len': 23}
[round 774] {'round': 774, 'utc': '2026-10-09T17:24:03.947691+00:00', 'grid': 5, 'd_h': 1024, 'dream_dose': 3415, 'probes': {'residual': 34.2016, 'sigma': 0.1438, 'alpha': 0.0, 'coverage': 0.9722}, 'action': 'hold', 'grew': False, 'gray': [], 'dream_log_len': 23}
[round 775] {'round': 775, 'utc': '2026-10-09T17:24:24.576386+00:00', 'grid': 5, 'd_h': 1024, 'dream_dose': 3415, 'probes': {'residual': 34.5286, 'sigma': 0.1249, 'alpha': 0.0, 'coverage': 0.9722}, 'action': 'hold', 'grew': False, 'gray': [], 'dream_log_len': 23}
[round 776] {'round': 776, 'utc': '2026-10-09T17:24:45.410201+00:00', 'grid': 5, 'd_h': 1024, 'dream_dose': 3415, 'probes': {'residual': 34.5254, 'sigma': 0.1343, 'alpha': 0.0, 'coverage': 0.9722}, 'action': 'hold', 'grew': False, 'gray': [], 'dream_log_len': 23}
[round 777] {'round': 777, 'utc': '2026-10-09T17:25:05.928808+00:00', 'grid': 5, 'd_h': 1024, 'dream_dose': 3415, 'probes': {'residual': 34.4415, 'sigma': 0.2391, 'alpha': 0.0, 'coverage': 0.9722}, 'action': 'hold', 'grew': False, 'gray': [], 'dream_log_len': 23}
[round 778] {'round': 778, 'utc': '2026-10-09T17:25:26.534869+00:00', 'grid': 5, 'd_h': 1024, 'dream_dose': 3415, 'probes': {'residual': 34.9575, 'sigma': 0.2532, 'alpha': 0.0, 'coverage': 0.9722}, 'action': 'hold', 'grew': False, 'gray': [], 'dream_log_len': 23}
[round 779] {'round': 779, 'utc': '2026-10-09T17:25:47.128402+00:00', 'grid': 5, 'd_h': 1024, 'dream_dose': 3415, 'probes': {'residual': 34.8912, 'sigma': 0.3847, 'alpha': 0.0, 'coverage': 0.9722}, 'action': 'hold', 'grew': False, 'gray': [], 'dream_log_len': 23}
[round 780] {'round': 780, 'utc': '2026-10-09T17:26:07.789991+00:00', 'grid': 5, 'd_h': 1024, 'dream_dose': 3415, 'probes': {'residual': 35.6148, 'sigma': 0.3775, 'alpha': 0.0, 'coverage': 0.9722}, 'action': 'hold', 'grew': False, 'gray': [], 'dream_log_len': 23}
[round 781] {'round': 781, 'utc': '2026-10-09T17:26:28.311725+00:00', 'grid': 5, 'd_h': 1024, 'dream_dose': 3415, 'probes': {'residual': 35.4313, 'sigma': 0.3109, 'alpha': 0.0, 'coverage': 0.9722}, 'action': 'hold', 'grew': False, 'gray': [], 'dream_log_len': 23}
[round 782] {'round': 782, 'utc': '2026-10-09T17:26:49.182198+00:00', 'grid': 5, 'd_h': 1024, 'dream_dose': 3415, 'probes': {'residual': 36.2908, 'sigma': 0.4546, 'alpha': 0.0, 'coverage': 0.9722}, 'action': 'hold', 'grew': False, 'gray': [], 'dream_log_len': 23}
[round 783] {'round': 783, 'utc': '2026-10-09T17:27:09.783593+00:00', 'grid': 5, 'd_h': 1024, 'dream_dose': 3415, 'probes': {'residual': 35.9069, 'sigma': 0.7, 'alpha': 0.0, 'coverage': 0.9722}, 'action': 'hold', 'grew': False, 'gray': [], 'dream_log_len': 23}
[round 784] {'round': 784, 'utc': '2026-10-09T17:27:30.739775+00:00', 'grid': 5, 'd_h': 1024, 'dream_dose': 3415, 'probes': {'residual': 35.5994, 'sigma': 0.8431, 'alpha': 0.0, 'coverage': 0.9722}, 'action': 'hold', 'grew': False, 'gray': [], 'dream_log_len': 23}
[round 785] {'round': 785, 'utc': '2026-10-09T17:27:51.672512+00:00', 'grid': 5, 'd_h': 1024, 'dream_dose': 3415, 'probes': {'residual': 35.8432, 'sigma': 1.2821, 'alpha': 0.0, 'coverage': 0.9722}, 'action': 'hold', 'grew': False, 'gray': [], 'dream_log_len': 23}
[round 786] {'round': 786, 'utc': '2026-10-09T17:28:12.957464+00:00', 'grid': 5, 'd_h': 1024, 'dream_dose': 3415, 'probes': {'residual': 36.1156, 'sigma': 0.7311, 'alpha': 0.0, 'coverage': 0.9722}, 'action': 'hold', 'grew': False, 'gray': [], 'dream_log_len': 23}
[round 787] {'round': 787, 'utc': '2026-10-09T17:28:34.181132+00:00', 'grid': 5, 'd_h': 1024, 'dream_dose': 3415, 'probes': {'residual': 37.5605, 'sigma': 0.3007, 'alpha': 0.0, 'coverage': 0.9722}, 'action': 'hold', 'grew': False, 'gray': [], 'dream_log_len': 23}
[round 788] {'round': 788, 'utc': '2026-10-09T17:28:55.065314+00:00', 'grid': 5, 'd_h': 1024, 'dream_dose': 3415, 'probes': {'residual': 37.1949, 'sigma': 0.6337, 'alpha': 0.0, 'coverage': 0.9722}, 'action': 'hold', 'grew': False, 'gray': [], 'dream_log_len': 23}
[round 789] {'round': 789, 'utc': '2026-10-09T17:29:16.173000+00:00', 'grid': 5, 'd_h': 1024, 'dream_dose': 3415, 'probes': {'residual': 36.8192, 'sigma': 1.0548, 'alpha': 0.0, 'coverage': 0.9722}, 'action': 'hold', 'grew': False, 'gray': [], 'dream_log_len': 23}
[round 790] {'round': 790, 'utc': '2026-10-09T17:29:37.053330+00:00', 'grid': 5, 'd_h': 1024, 'dream_dose': 3415, 'probes': {'residual': 36.1161, 'sigma': 0.8233, 'alpha': 0.0, 'coverage': 0.9722}, 'action': 'hold', 'grew': False, 'gray': [], 'dream_log_len': 23}
[round 791] {'round': 791, 'utc': '2026-10-09T17:29:58.084976+00:00', 'grid': 5, 'd_h': 1024, 'dream_dose': 3415, 'probes': {'residual': 36.2844, 'sigma': 1.3038, 'alpha': 0.0, 'coverage': 0.9722}, 'action': 'hold', 'grew': False, 'gray': [], 'dream_log_len': 23}
[round 792] {'round': 792, 'utc': '2026-10-09T17:30:19.064382+00:00', 'grid': 5, 'd_h': 1024, 'dream_dose': 3415, 'probes': {'residual': 36.5305, 'sigma': 0.6328, 'alpha': 0.0, 'coverage': 0.9722}, 'action': 'hold', 'grew': False, 'gray': [], 'dream_log_len': 23}
[round 793] {'round': 793, 'utc': '2026-10-09T17:30:39.823087+00:00', 'grid': 5, 'd_h': 1024, 'dream_dose': 3415, 'probes': {'residual': 36.0443, 'sigma': 1.0907, 'alpha': 0.0, 'coverage': 0.9722}, 'action': 'hold', 'grew': False, 'gray': [], 'dream_log_len': 23}
[round 794] {'round': 794, 'utc': '2026-10-09T17:31:00.822012+00:00', 'grid': 5, 'd_h': 1024, 'dream_dose': 3415, 'probes': {'residual': 36.0779, 'sigma': 1.316, 'alpha': 0.0, 'coverage': 0.9722}, 'action': 'hold', 'grew': False, 'gray': [], 'dream_log_len': 23}
[round 795] {'round': 795, 'utc': '2026-10-09T17:31:22.038820+00:00', 'grid': 5, 'd_h': 1024, 'dream_dose': 3415, 'probes': {'residual': 35.8644, 'sigma': 0.6391, 'alpha': 0.0, 'coverage': 0.9722}, 'action': 'hold', 'grew': False, 'gray': [], 'dream_log_len': 23}
[round 796] {'round': 796, 'utc': '2026-10-09T17:31:42.967203+00:00', 'grid': 5, 'd_h': 1024, 'dream_dose': 3415, 'probes': {'residual': 35.608, 'sigma': 0.4604, 'alpha': 0.0, 'coverage': 0.9722}, 'action': 'hold', 'grew': False, 'gray': [], 'dream_log_len': 23}
[round 797] {'round': 797, 'utc': '2026-10-09T17:32:03.891932+00:00', 'grid': 5, 'd_h': 1024, 'dream_dose': 3415, 'probes': {'residual': 35.8821, 'sigma': 0.2872, 'alpha': 0.0, 'coverage': 0.9722}, 'action': 'hold', 'grew': False, 'gray': [], 'dream_log_len': 23}
[round 798] {'round': 798, 'utc': '2026-10-09T17:32:24.750418+00:00', 'grid': 5, 'd_h': 1024, 'dream_dose': 3415, 'probes': {'residual': 36.7424, 'sigma': 0.2878, 'alpha': 0.0, 'coverage': 0.9722}, 'action': 'hold', 'grew': False, 'gray': [], 'dream_log_len': 23}
[round 799] {'round': 799, 'utc': '2026-10-09T17:32:45.633343+00:00', 'grid': 5, 'd_h': 1024, 'dream_dose': 3415, 'probes': {'residual': 35.7059, 'sigma': 0.4872, 'alpha': 0.0, 'coverage': 0.9722}, 'action': 'hold', 'grew': False, 'gray': [], 'dream_log_len': 23}
[round 800] {'round': 800, 'utc': '2026-10-09T17:33:07.137083+00:00', 'grid': 5, 'd_h': 1024, 'dream_dose': 3415, 'probes': {'residual': 35.8512, 'sigma': 1.1782, 'alpha': 0.0, 'coverage': 0.9722}, 'action': 'hold', 'grew': False, 'gray': [], 'dream_log_len': 23}
[round 801] {'round': 801, 'utc': '2026-10-09T17:33:28.600052+00:00', 'grid': 5, 'd_h': 1024, 'dream_dose': 3415, 'probes': {'residual': 34.9291, 'sigma': 1.0083, 'alpha': 0.0, 'coverage': 0.9722}, 'action': 'hold', 'grew': False, 'gray': [], 'dream_log_len': 23}
[round 802] {'round': 802, 'utc': '2026-10-09T17:33:49.289131+00:00', 'grid': 5, 'd_h': 1024, 'dream_dose': 3415, 'probes': {'residual': 34.7297, 'sigma': 0.9052, 'alpha': 0.0, 'coverage': 0.9722}, 'action': 'hold', 'grew': False, 'gray': [], 'dream_log_len': 23}
[round 803] {'round': 803, 'utc': '2026-10-09T17:34:10.011610+00:00', 'grid': 5, 'd_h': 1024, 'dream_dose': 3415, 'probes': {'residual': 34.7762, 'sigma': 0.8372, 'alpha': 0.0, 'coverage': 0.9722}, 'action': 'hold', 'grew': False, 'gray': [], 'dream_log_len': 23}
[round 804] {'round': 804, 'utc': '2026-10-09T17:34:30.795191+00:00', 'grid': 5, 'd_h': 1024, 'dream_dose': 3415, 'probes': {'residual': 34.9624, 'sigma': 0.4495, 'alpha': 0.0, 'coverage': 0.9722}, 'action': 'hold', 'grew': False, 'gray': [], 'dream_log_len': 23}
[round 805] {'round': 805, 'utc': '2026-10-09T17:34:51.586018+00:00', 'grid': 5, 'd_h': 1024, 'dream_dose': 3415, 'probes': {'residual': 34.4764, 'sigma': 0.1975, 'alpha': 0.0, 'coverage': 0.9722}, 'action': 'hold', 'grew': False, 'gray': [], 'dream_log_len': 23}
[round 806] {'round': 806, 'utc': '2026-10-09T17:35:12.439098+00:00', 'grid': 5, 'd_h': 1024, 'dream_dose': 3415, 'probes': {'residual': 34.3432, 'sigma': 0.1797, 'alpha': 0.0, 'coverage': 0.9722}, 'action': 'hold', 'grew': False, 'gray': [], 'dream_log_len': 23}
[round 807] {'round': 807, 'utc': '2026-10-09T17:35:33.164856+00:00', 'grid': 5, 'd_h': 1024, 'dream_dose': 3415, 'probes': {'residual': 34.2917, 'sigma': 0.2339, 'alpha': 0.0, 'coverage': 0.9722}, 'action': 'hold', 'grew': False, 'gray': [], 'dream_log_len': 23}
[round 808] {'round': 808, 'utc': '2026-10-09T17:35:53.896545+00:00', 'grid': 5, 'd_h': 1024, 'dream_dose': 3415, 'probes': {'residual': 33.6217, 'sigma': 0.5103, 'alpha': 0.0, 'coverage': 0.9722}, 'action': 'hold', 'grew': False, 'gray': [], 'dream_log_len': 23}
[round 809] {'round': 809, 'utc': '2026-10-09T17:36:14.929270+00:00', 'grid': 5, 'd_h': 1024, 'dream_dose': 3415, 'probes': {'residual': 33.8426, 'sigma': 0.4626, 'alpha': 0.0, 'coverage': 0.9722}, 'action': 'hold', 'grew': False, 'gray': [], 'dream_log_len': 23}
[round 810] {'round': 810, 'utc': '2026-10-09T17:36:35.494961+00:00', 'grid': 5, 'd_h': 1024, 'dream_dose': 3415, 'probes': {'residual': 33.3069, 'sigma': 0.3648, 'alpha': 0.0, 'coverage': 0.9722}, 'action': 'hold', 'grew': False, 'gray': [], 'dream_log_len': 23}
[round 811] {'round': 811, 'utc': '2026-10-09T17:36:55.951685+00:00', 'grid': 5, 'd_h': 1024, 'dream_dose': 3415, 'probes': {'residual': 33.4788, 'sigma': 0.604, 'alpha': 0.0, 'coverage': 0.9722}, 'action': 'hold', 'grew': False, 'gray': [], 'dream_log_len': 23}
[round 812] {'round': 812, 'utc': '2026-10-09T17:37:16.511688+00:00', 'grid': 5, 'd_h': 1024, 'dream_dose': 3415, 'probes': {'residual': 33.4854, 'sigma': 0.6827, 'alpha': 0.0, 'coverage': 0.9722}, 'action': 'hold', 'grew': False, 'gray': [], 'dream_log_len': 23}
[round 813] {'round': 813, 'utc': '2026-10-09T17:37:37.425885+00:00', 'grid': 5, 'd_h': 1024, 'dream_dose': 3415, 'probes': {'residual': 34.3329, 'sigma': 0.7028, 'alpha': 0.0, 'coverage': 0.9722}, 'action': 'hold', 'grew': False, 'gray': [], 'dream_log_len': 23}
[round 814] {'round': 814, 'utc': '2026-10-09T17:37:58.063256+00:00', 'grid': 5, 'd_h': 1024, 'dream_dose': 3415, 'probes': {'residual': 34.2118, 'sigma': 0.8351, 'alpha': 0.0, 'coverage': 0.9722}, 'action': 'hold', 'grew': False, 'gray': [], 'dream_log_len': 23}
[round 815] {'round': 815, 'utc': '2026-10-09T17:38:18.855455+00:00', 'grid': 5, 'd_h': 1024, 'dream_dose': 3415, 'probes': {'residual': 33.9659, 'sigma': 0.5461, 'alpha': 0.0, 'coverage': 0.9722}, 'action': 'hold', 'grew': False, 'gray': [], 'dream_log_len': 23}
[round 816] {'round': 816, 'utc': '2026-10-09T17:38:39.469230+00:00', 'grid': 5, 'd_h': 1024, 'dream_dose': 3415, 'probes': {'residual': 33.3848, 'sigma': 0.4361, 'alpha': 0.0, 'coverage': 0.9722}, 'action': 'hold', 'grew': False, 'gray': [], 'dream_log_len': 23}
[round 817] {'round': 817, 'utc': '2026-10-09T17:39:00.189216+00:00', 'grid': 5, 'd_h': 1024, 'dream_dose': 3415, 'probes': {'residual': 33.0035, 'sigma': 0.525, 'alpha': 0.0, 'coverage': 0.9722}, 'action': 'hold', 'grew': False, 'gray': [], 'dream_log_len': 23}
[round 818] {'round': 818, 'utc': '2026-10-09T17:39:20.940533+00:00', 'grid': 5, 'd_h': 1024, 'dream_dose': 3415, 'probes': {'residual': 32.9689, 'sigma': 1.0735, 'alpha': 0.0, 'coverage': 0.9722}, 'action': 'hold', 'grew': False, 'gray': [], 'dream_log_len': 23}
[round 819] {'round': 819, 'utc': '2026-10-09T17:39:41.594908+00:00', 'grid': 5, 'd_h': 1024, 'dream_dose': 3415, 'probes': {'residual': 32.8512, 'sigma': 0.9739, 'alpha': 0.0, 'coverage': 0.9722}, 'action': 'hold', 'grew': False, 'gray': [], 'dream_log_len': 23}
[round 820] {'round': 820, 'utc': '2026-10-09T17:40:02.550568+00:00', 'grid': 5, 'd_h': 1024, 'dream_dose': 3415, 'probes': {'residual': 32.7973, 'sigma': 0.8271, 'alpha': 0.0, 'coverage': 0.9722}, 'action': 'hold', 'grew': False, 'gray': [], 'dream_log_len': 23}
[round 821] {'round': 821, 'utc': '2026-10-09T17:40:23.408171+00:00', 'grid': 5, 'd_h': 1024, 'dream_dose': 3415, 'probes': {'residual': 32.985, 'sigma': 0.8369, 'alpha': 0.0, 'coverage': 0.9722}, 'action': 'hold', 'grew': False, 'gray': [], 'dream_log_len': 23}
[round 822] {'round': 822, 'utc': '2026-10-09T17:40:44.078915+00:00', 'grid': 5, 'd_h': 1024, 'dream_dose': 3415, 'probes': {'residual': 33.5812, 'sigma': 0.3701, 'alpha': 0.0, 'coverage': 0.9722}, 'action': 'hold', 'grew': False, 'gray': [], 'dream_log_len': 23}
[round 823] {'round': 823, 'utc': '2026-10-09T17:41:04.536449+00:00', 'grid': 5, 'd_h': 1024, 'dream_dose': 3415, 'probes': {'residual': 33.036, 'sigma': 0.5741, 'alpha': 0.0, 'coverage': 0.9722}, 'action': 'hold', 'grew': False, 'gray': [], 'dream_log_len': 23}
[round 824] {'round': 824, 'utc': '2026-10-09T17:41:25.283294+00:00', 'grid': 5, 'd_h': 1024, 'dream_dose': 3415, 'probes': {'residual': 32.7476, 'sigma': 0.4398, 'alpha': 0.0, 'coverage': 0.9722}, 'action': 'hold', 'grew': False, 'gray': [], 'dream_log_len': 23}
[round 825] {'round': 825, 'utc': '2026-10-09T17:41:45.739795+00:00', 'grid': 5, 'd_h': 1024, 'dream_dose': 3415, 'probes': {'residual': 32.8211, 'sigma': 0.6052, 'alpha': 0.0, 'coverage': 0.9722}, 'action': 'hold', 'grew': False, 'gray': [], 'dream_log_len': 23}
[round 826] {'round': 826, 'utc': '2026-10-09T17:42:06.227551+00:00', 'grid': 5, 'd_h': 1024, 'dream_dose': 3415, 'probes': {'residual': 32.5696, 'sigma': 0.3598, 'alpha': 0.0, 'coverage': 0.9722}, 'action': 'hold', 'grew': False, 'gray': [], 'dream_log_len': 23}
[round 827] {'round': 827, 'utc': '2026-10-09T17:42:26.998789+00:00', 'grid': 5, 'd_h': 1024, 'dream_dose': 3415, 'probes': {'residual': 32.8589, 'sigma': 0.4845, 'alpha': 0.0, 'coverage': 0.9722}, 'action': 'hold', 'grew': False, 'gray': [], 'dream_log_len': 23}
[round 828] {'round': 828, 'utc': '2026-10-09T17:42:47.594603+00:00', 'grid': 5, 'd_h': 1024, 'dream_dose': 3415, 'probes': {'residual': 33.2151, 'sigma': 0.3725, 'alpha': 0.0, 'coverage': 0.9722}, 'action': 'hold', 'grew': False, 'gray': [], 'dream_log_len': 23}
[round 829] {'round': 829, 'utc': '2026-10-09T17:43:08.941796+00:00', 'grid': 5, 'd_h': 1024, 'dream_dose': 3415, 'probes': {'residual': 33.4754, 'sigma': 1.8459, 'alpha': 0.0, 'coverage': 0.9722}, 'action': 'hold', 'grew': False, 'gray': [], 'dream_log_len': 23}
[round 830] {'round': 830, 'utc': '2026-10-09T17:43:30.020116+00:00', 'grid': 5, 'd_h': 1024, 'dream_dose': 3415, 'probes': {'residual': 32.6916, 'sigma': 1.753, 'alpha': 0.0, 'coverage': 0.9722}, 'action': 'hold', 'grew': False, 'gray': [], 'dream_log_len': 23}
[round 831] {'round': 831, 'utc': '2026-10-09T17:43:50.762202+00:00', 'grid': 5, 'd_h': 1024, 'dream_dose': 3415, 'probes': {'residual': 33.5411, 'sigma': 1.6653, 'alpha': 0.0, 'coverage': 0.9722}, 'action': 'hold', 'grew': False, 'gray': [], 'dream_log_len': 23}
[round 832] {'round': 832, 'utc': '2026-10-09T17:44:11.620008+00:00', 'grid': 5, 'd_h': 1024, 'dream_dose': 3415, 'probes': {'residual': 34.4803, 'sigma': 1.1467, 'alpha': 0.0, 'coverage': 0.9722}, 'action': 'hold', 'grew': False, 'gray': [], 'dream_log_len': 23}
[round 833] {'round': 833, 'utc': '2026-10-09T17:44:32.528648+00:00', 'grid': 5, 'd_h': 1024, 'dream_dose': 3415, 'probes': {'residual': 34.9973, 'sigma': 0.344, 'alpha': 0.0, 'coverage': 0.9722}, 'action': 'hold', 'grew': False, 'gray': [], 'dream_log_len': 23}
[round 834] {'round': 834, 'utc': '2026-10-09T17:44:53.058060+00:00', 'grid': 5, 'd_h': 1024, 'dream_dose': 3415, 'probes': {'residual': 34.141, 'sigma': 0.3901, 'alpha': 0.0, 'coverage': 0.9722}, 'action': 'hold', 'grew': False, 'gray': [], 'dream_log_len': 23}
[round 835] {'round': 835, 'utc': '2026-10-09T17:45:14.275006+00:00', 'grid': 5, 'd_h': 1024, 'dream_dose': 3415, 'probes': {'residual': 33.5347, 'sigma': 0.7685, 'alpha': 0.0, 'coverage': 0.9722}, 'action': 'hold', 'grew': False, 'gray': [], 'dream_log_len': 23}
[round 836] {'round': 836, 'utc': '2026-10-09T17:45:35.737579+00:00', 'grid': 5, 'd_h': 1024, 'dream_dose': 3415, 'probes': {'residual': 34.2492, 'sigma': 0.4894, 'alpha': 0.0, 'coverage': 0.9722}, 'action': 'hold', 'grew': False, 'gray': [], 'dream_log_len': 23}
[round 837] {'round': 837, 'utc': '2026-10-09T17:45:57.022336+00:00', 'grid': 5, 'd_h': 1024, 'dream_dose': 3415, 'probes': {'residual': 33.9454, 'sigma': 1.2735, 'alpha': 0.0, 'coverage': 0.9722}, 'action': 'hold', 'grew': False, 'gray': [], 'dream_log_len': 23}
[round 838] {'round': 838, 'utc': '2026-10-09T17:46:18.613459+00:00', 'grid': 5, 'd_h': 1024, 'dream_dose': 3415, 'probes': {'residual': 34.8578, 'sigma': 0.7143, 'alpha': 0.0, 'coverage': 0.9722}, 'action': 'hold', 'grew': False, 'gray': [], 'dream_log_len': 23}
[round 839] {'round': 839, 'utc': '2026-10-09T17:46:39.874878+00:00', 'grid': 5, 'd_h': 1024, 'dream_dose': 3415, 'probes': {'residual': 34.2003, 'sigma': 1.3444, 'alpha': 0.0, 'coverage': 0.9722}, 'action': 'hold', 'grew': False, 'gray': [], 'dream_log_len': 23}
[round 840] {'round': 840, 'utc': '2026-10-09T17:47:01.473268+00:00', 'grid': 5, 'd_h': 1024, 'dream_dose': 3415, 'probes': {'residual': 34.411, 'sigma': 0.4846, 'alpha': 0.0, 'coverage': 0.9722}, 'action': 'hold', 'grew': False, 'gray': [], 'dream_log_len': 23}
[round 841] {'round': 841, 'utc': '2026-10-09T17:47:22.721026+00:00', 'grid': 5, 'd_h': 1024, 'dream_dose': 3415, 'probes': {'residual': 33.9857, 'sigma': 0.9172, 'alpha': 0.0, 'coverage': 0.9722}, 'action': 'hold', 'grew': False, 'gray': [], 'dream_log_len': 23}
[round 842] {'round': 842, 'utc': '2026-10-09T17:47:44.211480+00:00', 'grid': 5, 'd_h': 1024, 'dream_dose': 3415, 'probes': {'residual': 33.4915, 'sigma': 1.0176, 'alpha': 0.0, 'coverage': 0.9722}, 'action': 'hold', 'grew': False, 'gray': [], 'dream_log_len': 23}
[round 843] {'round': 843, 'utc': '2026-10-09T17:48:05.641981+00:00', 'grid': 5, 'd_h': 1024, 'dream_dose': 3415, 'probes': {'residual': 33.6629, 'sigma': 0.6263, 'alpha': 0.0, 'coverage': 0.9722}, 'action': 'hold', 'grew': False, 'gray': [], 'dream_log_len': 23}
[round 844] {'round': 844, 'utc': '2026-10-09T17:48:26.993831+00:00', 'grid': 5, 'd_h': 1024, 'dream_dose': 3415, 'probes': {'residual': 33.3446, 'sigma': 0.3339, 'alpha': 0.0, 'coverage': 0.9722}, 'action': 'hold', 'grew': False, 'gray': [], 'dream_log_len': 23}
[round 845] {'round': 845, 'utc': '2026-10-09T17:48:48.091697+00:00', 'grid': 5, 'd_h': 1024, 'dream_dose': 3415, 'probes': {'residual': 33.4427, 'sigma': 0.3215, 'alpha': 0.0, 'coverage': 0.9722}, 'action': 'hold', 'grew': False, 'gray': [], 'dream_log_len': 23}
[round 846] {'round': 846, 'utc': '2026-10-09T17:49:09.303529+00:00', 'grid': 5, 'd_h': 1024, 'dream_dose': 3415, 'probes': {'residual': 32.7286, 'sigma': 0.4167, 'alpha': 0.0, 'coverage': 0.9722}, 'action': 'hold', 'grew': False, 'gray': [], 'dream_log_len': 23}
[round 847] {'round': 847, 'utc': '2026-10-09T17:49:30.532497+00:00', 'grid': 5, 'd_h': 1024, 'dream_dose': 3415, 'probes': {'residual': 33.2099, 'sigma': 0.4862, 'alpha': 0.0, 'coverage': 0.9722}, 'action': 'hold', 'grew': False, 'gray': [], 'dream_log_len': 23}
[round 848] {'round': 848, 'utc': '2026-10-09T17:49:51.758570+00:00', 'grid': 5, 'd_h': 1024, 'dream_dose': 3415, 'probes': {'residual': 33.1825, 'sigma': 0.5587, 'alpha': 0.0, 'coverage': 0.9722}, 'action': 'hold', 'grew': False, 'gray': [], 'dream_log_len': 23}
[round 849] {'round': 849, 'utc': '2026-10-09T17:50:13.019412+00:00', 'grid': 5, 'd_h': 1024, 'dream_dose': 3415, 'probes': {'residual': 32.7142, 'sigma': 0.4072, 'alpha': 0.0, 'coverage': 0.9722}, 'action': 'hold', 'grew': False, 'gray': [], 'dream_log_len': 23}
[round 850] {'round': 850, 'utc': '2026-10-09T17:50:34.316113+00:00', 'grid': 5, 'd_h': 1024, 'dream_dose': 3415, 'probes': {'residual': 33.2472, 'sigma': 0.5472, 'alpha': 0.0, 'coverage': 0.9722}, 'action': 'hold', 'grew': False, 'gray': [], 'dream_log_len': 23}
[round 851] {'round': 851, 'utc': '2026-10-09T17:50:55.765945+00:00', 'grid': 5, 'd_h': 1024, 'dream_dose': 3415, 'probes': {'residual': 33.913, 'sigma': 1.236, 'alpha': 0.0, 'coverage': 0.9722}, 'action': 'hold', 'grew': False, 'gray': [], 'dream_log_len': 23}
[round 852] {'round': 852, 'utc': '2026-10-09T17:51:17.240040+00:00', 'grid': 5, 'd_h': 1024, 'dream_dose': 3415, 'probes': {'residual': 36.2432, 'sigma': 0.3883, 'alpha': 0.0, 'coverage': 0.9722}, 'action': 'hold', 'grew': False, 'gray': [], 'dream_log_len': 23}
[round 853] {'round': 853, 'utc': '2026-10-09T17:51:38.577531+00:00', 'grid': 5, 'd_h': 1024, 'dream_dose': 3415, 'probes': {'residual': 35.6117, 'sigma': 0.4725, 'alpha': 0.0, 'coverage': 0.9722}, 'action': 'hold', 'grew': False, 'gray': [], 'dream_log_len': 23}
[round 854] {'round': 854, 'utc': '2026-10-09T17:51:59.634735+00:00', 'grid': 5, 'd_h': 1024, 'dream_dose': 3415, 'probes': {'residual': 35.2797, 'sigma': 0.767, 'alpha': 0.0, 'coverage': 0.9722}, 'action': 'hold', 'grew': False, 'gray': [], 'dream_log_len': 23}
[round 855] {'round': 855, 'utc': '2026-10-09T17:52:20.800573+00:00', 'grid': 5, 'd_h': 1024, 'dream_dose': 3415, 'probes': {'residual': 35.4715, 'sigma': 0.3578, 'alpha': 0.0, 'coverage': 0.9722}, 'action': 'hold', 'grew': False, 'gray': [], 'dream_log_len': 23}
[round 856] {'round': 856, 'utc': '2026-10-09T17:52:41.983270+00:00', 'grid': 5, 'd_h': 1024, 'dream_dose': 3415, 'probes': {'residual': 34.9605, 'sigma': 0.3843, 'alpha': 0.0, 'coverage': 0.9722}, 'action': 'hold', 'grew': False, 'gray': [], 'dream_log_len': 23}
[round 857] {'round': 857, 'utc': '2026-10-09T17:53:03.245650+00:00', 'grid': 5, 'd_h': 1024, 'dream_dose': 3415, 'probes': {'residual': 35.2596, 'sigma': 0.3604, 'alpha': 0.0, 'coverage': 0.9722}, 'action': 'hold', 'grew': False, 'gray': [], 'dream_log_len': 23}
[round 858] {'round': 858, 'utc': '2026-10-09T17:53:25.843766+00:00', 'grid': 5, 'd_h': 1024, 'dream_dose': 3415, 'probes': {'residual': 35.2381, 'sigma': 0.532, 'alpha': 0.0, 'coverage': 0.9722}, 'action': 'hold', 'grew': False, 'gray': [], 'dream_log_len': 23}
[round 859] {'round': 859, 'utc': '2026-10-09T17:53:47.140235+00:00', 'grid': 5, 'd_h': 1024, 'dream_dose': 3415, 'probes': {'residual': 34.5854, 'sigma': 1.8564, 'alpha': 0.0, 'coverage': 0.9722}, 'action': 'hold', 'grew': False, 'gray': [], 'dream_log_len': 23}
[round 860] {'round': 860, 'utc': '2026-10-09T17:54:08.257536+00:00', 'grid': 5, 'd_h': 1024, 'dream_dose': 3415, 'probes': {'residual': 35.1518, 'sigma': 1.2857, 'alpha': 0.0, 'coverage': 0.9722}, 'action': 'hold', 'grew': False, 'gray': [], 'dream_log_len': 23}
[round 861] {'round': 861, 'utc': '2026-10-09T17:54:29.236358+00:00', 'grid': 5, 'd_h': 1024, 'dream_dose': 3415, 'probes': {'residual': 34.6886, 'sigma': 1.0322, 'alpha': 0.0, 'coverage': 0.9722}, 'action': 'hold', 'grew': False, 'gray': [], 'dream_log_len': 23}
[round 862] {'round': 862, 'utc': '2026-10-09T17:54:50.250473+00:00', 'grid': 5, 'd_h': 1024, 'dream_dose': 3415, 'probes': {'residual': 34.0511, 'sigma': 0.5374, 'alpha': 0.0, 'coverage': 0.9722}, 'action': 'hold', 'grew': False, 'gray': [], 'dream_log_len': 23}
[round 863] {'round': 863, 'utc': '2026-10-09T17:55:11.135645+00:00', 'grid': 5, 'd_h': 1024, 'dream_dose': 3415, 'probes': {'residual': 34.4225, 'sigma': 0.7012, 'alpha': 0.0, 'coverage': 0.9722}, 'action': 'hold', 'grew': False, 'gray': [], 'dream_log_len': 23}
[round 864] {'round': 864, 'utc': '2026-10-09T17:55:32.526241+00:00', 'grid': 5, 'd_h': 1024, 'dream_dose': 3415, 'probes': {'residual': 35.6608, 'sigma': 0.4269, 'alpha': 0.0, 'coverage': 0.9722}, 'action': 'hold', 'grew': False, 'gray': [], 'dream_log_len': 23}
[round 865] {'round': 865, 'utc': '2026-10-09T17:55:53.211538+00:00', 'grid': 5, 'd_h': 1024, 'dream_dose': 3415, 'probes': {'residual': 35.2525, 'sigma': 0.104, 'alpha': 0.0, 'coverage': 0.9722}, 'action': 'hold', 'grew': False, 'gray': [], 'dream_log_len': 23}
[round 866] {'round': 866, 'utc': '2026-10-09T17:56:13.687993+00:00', 'grid': 5, 'd_h': 1024, 'dream_dose': 3415, 'probes': {'residual': 34.3869, 'sigma': 0.239, 'alpha': 0.0, 'coverage': 0.9722}, 'action': 'hold', 'grew': False, 'gray': [], 'dream_log_len': 23}
[round 867] {'round': 867, 'utc': '2026-10-09T17:56:34.153331+00:00', 'grid': 5, 'd_h': 1024, 'dream_dose': 3415, 'probes': {'residual': 34.2416, 'sigma': 0.3511, 'alpha': 0.0, 'coverage': 0.9722}, 'action': 'hold', 'grew': False, 'gray': [], 'dream_log_len': 23}
[round 868] {'round': 868, 'utc': '2026-10-09T17:56:54.706476+00:00', 'grid': 5, 'd_h': 1024, 'dream_dose': 3415, 'probes': {'residual': 34.0298, 'sigma': 0.2816, 'alpha': 0.0, 'coverage': 0.9722}, 'action': 'hold', 'grew': False, 'gray': [], 'dream_log_len': 23}
[round 869] {'round': 869, 'utc': '2026-10-09T17:57:15.358236+00:00', 'grid': 5, 'd_h': 1024, 'dream_dose': 3415, 'probes': {'residual': 34.0525, 'sigma': 0.4072, 'alpha': 0.0, 'coverage': 0.9722}, 'action': 'hold', 'grew': False, 'gray': [], 'dream_log_len': 23}
Traceback (most recent call last):
  File "/home/somnium-ignition/venvs/torch/lib/python3.10/site-packages/torch/serialization.py", line 1003, in save
    _save(
  File "/home/somnium-ignition/venvs/torch/lib/python3.10/site-packages/torch/serialization.py", line 1312, in _save
    zip_file.write_record(name, storage, num_bytes)
RuntimeError: basic_ios::clear: iostream error

During handling of the above exception, another exception occurred:

Traceback (most recent call last):
  File "/home/somnium-ignition/mission_yin_yang/experiments/overnight_autodriver/run_driver.py", line 177, in main
    save_checkpoint(OUT / f"ckpts/round_{round_id:03d}.pt", model=model,
  File "/home/somnium-ignition/mission_yin_yang/src/checkpoint.py", line 31, in save_checkpoint
    torch.save(state, tmp)
  File "/home/somnium-ignition/venvs/torch/lib/python3.10/site-packages/torch/serialization.py", line 1002, in save
    with _open_zipfile_writer(f) as opened_zipfile:
  File "/home/somnium-ignition/venvs/torch/lib/python3.10/site-packages/torch/serialization.py", line 834, in __exit__
    self.file_like.write_end_of_file()
RuntimeError: [enforce fail at inline_container.cc:672] . unexpected pos 39841966 vs 39841936

During handling of the above exception, another exception occurred:

OSError: [Errno 28] No space left on device

During handling of the above exception, another exception occurred:

Traceback (most recent call last):
  File "/home/somnium-ignition/mission_yin_yang/experiments/overnight_autodriver/run_driver